MAC003640,Std,12/1/13 0:00,1.461,ACORN-L,Adversity
MAC003640,Std,12/1/13 0:30,0.47,ACORN-L,Adversity
MAC003640,Std,12/1/13 1:00,0.313,ACORN-L,Adversity
MAC003640,Std,12/1/13 1:30,0.341,ACORN-L,Adversity
MAC003640,Std,12/1/13 2:00,0.318,ACORN-L,Adversity
MAC003640,Std,12/1/13 2:30,0.276,ACORN-L,Adversity
MAC003640,Std,12/1/13 3:00,0.293,ACORN-L,Adversity
MAC003640,Std,12/1/13 3:30,0.35,ACORN-L,Adversity
MAC003640,Std,12/1/13 4:00,0.336,ACORN-L,Adversity
MAC003640,Std,12/1/13 4:30,0.304,ACORN-L,Adversity
MAC003640,Std,12/1/13 5:00,0.357,ACORN-L,Adversity
MAC003640,Std,12/1/13 5:30,0.365,ACORN-L,Adversity
MAC003640,Std,12/1/13 6:00,0.321,ACORN-L,Adversity
MAC003640,Std,12/1/13 6:30,0.347,ACORN-L,Adversity
MAC003640,Std,12/1/13 7:00,0.396,ACORN-L,Adversity
MAC003640,Std,12/1/13 7:30,0.416,ACORN-L,Adversity
MAC003640,Std,12/1/13 8:00,0.36,ACORN-L,Adversity
MAC003640,Std,12/1/13 8:30,0.312,ACORN-L,Adversity
MAC003640,Std,12/1/13 9:00,0.323,ACORN-L,Adversity
MAC003640,Std,12/1/13 9:30,0.4,ACORN-L,Adversity
MAC003640,Std,12/1/13 10:00,0.404,ACORN-L,Adversity
MAC003640,Std,12/1/13 10:30,0.619,ACORN-L,Adversity
MAC003640,Std,12/1/13 11:00,0.509,ACORN-L,Adversity
MAC003640,Std,12/1/13 11:30,0.361,ACORN-L,Adversity
MAC003640,Std,12/1/13 12:00,0.339,ACORN-L,Adversity
MAC003640,Std,12/1/13 12:30,0.313,ACORN-L,Adversity
MAC003640,Std,12/1/13 13:00,0.298,ACORN-L,Adversity
MAC003640,Std,12/1/13 13:30,0.394,ACORN-L,Adversity
MAC003640,Std,12/1/13 14:00,0.447,ACORN-L,Adversity
MAC003640,Std,12/1/13 14:30,0.724,ACORN-L,Adversity
MAC003640,Std,12/1/13 15:00,0.583,ACORN-L,Adversity
MAC003640,Std,12/1/13 15:30,0.604,ACORN-L,Adversity
MAC003640,Std,12/1/13 16:00,0.482,ACORN-L,Adversity
MAC003640,Std,12/1/13 16:30,0.854,ACORN-L,Adversity
MAC003640,Std,12/1/13 17:00,0.624,ACORN-L,Adversity
MAC003640,Std,12/1/13 17:30,0.654,ACORN-L,Adversity
MAC003640,Std,12/1/13 18:00,0.748,ACORN-L,Adversity
MAC003640,Std,12/1/13 18:30,0.601,ACORN-L,Adversity
MAC003640,Std,12/1/13 19:00,0.606,ACORN-L,Adversity
MAC003640,Std,12/1/13 19:30,0.715,ACORN-L,Adversity
MAC003640,Std,12/1/13 20:00,0.616,ACORN-L,Adversity
MAC003640,Std,12/1/13 20:30,0.59,ACORN-L,Adversity
MAC003640,Std,12/1/13 21:00,0.562,ACORN-L,Adversity
MAC003640,Std,12/1/13 21:30,0.569,ACORN-L,Adversity
MAC003640,Std,12/1/13 22:00,0.736,ACORN-L,Adversity
MAC003640,Std,12/1/13 22:30,0.673,ACORN-L,Adversity
MAC003640,Std,12/1/13 23:00,0.751,ACORN-L,Adversity
MAC003640,Std,12/1/13 23:30,0.743,ACORN-L,Adversity
MAC003640,Std,12/2/13 0:00,1.329,ACORN-L,Adversity
MAC003640,Std,12/2/13 0:30,0.535,ACORN-L,Adversity
MAC003640,Std,12/2/13 1:00,0.363,ACORN-L,Adversity
MAC003640,Std,12/2/13 1:30,0.429,ACORN-L,Adversity
MAC003640,Std,12/2/13 2:00,0.346,ACORN-L,Adversity
MAC003640,Std,12/2/13 2:30,0.302,ACORN-L,Adversity
MAC003640,Std,12/2/13 3:00,0.326,ACORN-L,Adversity
MAC003640,Std,12/2/13 3:30,0.327,ACORN-L,Adversity
MAC003640,Std,12/2/13 4:00,0.364,ACORN-L,Adversity
MAC003640,Std,12/2/13 4:30,0.367,ACORN-L,Adversity
MAC003640,Std,12/2/13 5:00,0.326,ACORN-L,Adversity
MAC003640,Std,12/2/13 5:30,0.307,ACORN-L,Adversity
MAC003640,Std,12/2/13 6:00,0.304,ACORN-L,Adversity
MAC003640,Std,12/2/13 6:30,0.352,ACORN-L,Adversity
MAC003640,Std,12/2/13 7:00,0.537,ACORN-L,Adversity
MAC003640,Std,12/2/13 7:30,0.341,ACORN-L,Adversity
MAC003640,Std,12/2/13 8:00,0.3,ACORN-L,Adversity
MAC003640,Std,12/2/13 8:30,0.303,ACORN-L,Adversity
MAC003640,Std,12/2/13 9:00,0.467,ACORN-L,Adversity
MAC003640,Std,12/2/13 9:30,0.337,ACORN-L,Adversity
MAC003640,Std,12/2/13 10:00,0.164,ACORN-L,Adversity
MAC003640,Std,12/2/13 10:30,0.154,ACORN-L,Adversity
MAC003640,Std,12/2/13 11:00,0.138,ACORN-L,Adversity
MAC003640,Std,12/2/13 11:30,1.145,ACORN-L,Adversity
MAC003640,Std,12/2/13 12:00,1.068,ACORN-L,Adversity
MAC003640,Std,12/2/13 12:30,0.219,ACORN-L,Adversity
MAC003640,Std,12/2/13 13:00,0.142,ACORN-L,Adversity
MAC003640,Std,12/2/13 13:30,0.156,ACORN-L,Adversity
MAC003640,Std,12/2/13 14:00,0.156,ACORN-L,Adversity
MAC003640,Std,12/2/13 14:30,0.149,ACORN-L,Adversity
MAC003640,Std,12/2/13 15:00,0.116,ACORN-L,Adversity
MAC003640,Std,12/2/13 15:30,0.54,ACORN-L,Adversity
MAC003640,Std,12/2/13 16:00,1.273,ACORN-L,Adversity
MAC003640,Std,12/2/13 16:30,0.35,ACORN-L,Adversity
MAC003640,Std,12/2/13 17:00,0.598,ACORN-L,Adversity
MAC003640,Std,12/2/13 17:30,0.375,ACORN-L,Adversity
MAC003640,Std,12/2/13 18:00,0.599,ACORN-L,Adversity
MAC003640,Std,12/2/13 18:30,0.847,ACORN-L,Adversity
MAC003640,Std,12/2/13 19:00,0.471,ACORN-L,Adversity
MAC003640,Std,12/2/13 19:30,0.418,ACORN-L,Adversity
MAC003640,Std,12/2/13 20:00,0.458,ACORN-L,Adversity
MAC003640,Std,12/2/13 20:30,0.509,ACORN-L,Adversity
MAC003640,Std,12/2/13 21:00,0.416,ACORN-L,Adversity
MAC003640,Std,12/2/13 21:30,0.409,ACORN-L,Adversity
MAC003640,Std,12/2/13 22:00,0.514,ACORN-L,Adversity
MAC003640,Std,12/2/13 22:30,0.527,ACORN-L,Adversity
MAC003640,Std,12/2/13 23:00,0.525,ACORN-L,Adversity
MAC003640,Std,12/2/13 23:30,1.049,ACORN-L,Adversity
MAC003640,Std,12/3/13 0:00,0.927,ACORN-L,Adversity
MAC003640,Std,12/3/13 0:30,0.136,ACORN-L,Adversity
MAC003640,Std,12/3/13 1:00,0.137,ACORN-L,Adversity
MAC003640,Std,12/3/13 1:30,0.12,ACORN-L,Adversity
MAC003640,Std,12/3/13 2:00,0.122,ACORN-L,Adversity
MAC003640,Std,12/3/13 2:30,0.129,ACORN-L,Adversity
MAC003640,Std,12/3/13 3:00,0.126,ACORN-L,Adversity
MAC003640,Std,12/3/13 3:30,0.124,ACORN-L,Adversity
MAC003640,Std,12/3/13 4:00,0.097,ACORN-L,Adversity
MAC003640,Std,12/3/13 4:30,0.115,ACORN-L,Adversity
MAC003640,Std,12/3/13 5:00,0.113,ACORN-L,Adversity
MAC003640,Std,12/3/13 5:30,0.112,ACORN-L,Adversity
MAC003640,Std,12/3/13 6:00,0.119,ACORN-L,Adversity
MAC003640,Std,12/3/13 6:30,0.2,ACORN-L,Adversity
MAC003640,Std,12/3/13 7:00,0.349,ACORN-L,Adversity
MAC003640,Std,12/3/13 7:30,0.159,ACORN-L,Adversity
MAC003640,Std,12/3/13 8:00,0.115,ACORN-L,Adversity
MAC003640,Std,12/3/13 8:30,0.11,ACORN-L,Adversity
MAC003640,Std,12/3/13 9:00,0.12,ACORN-L,Adversity
MAC003640,Std,12/3/13 9:30,0.347,ACORN-L,Adversity
MAC003640,Std,12/3/13 10:00,0.269,ACORN-L,Adversity
MAC003640,Std,12/3/13 10:30,0.433,ACORN-L,Adversity
MAC003640,Std,12/3/13 11:00,0.602,ACORN-L,Adversity
MAC003640,Std,12/3/13 11:30,1.373,ACORN-L,Adversity
MAC003640,Std,12/3/13 12:00,1.234,ACORN-L,Adversity
MAC003640,Std,12/3/13 12:30,1.21,ACORN-L,Adversity
MAC003640,Std,12/3/13 13:00,1.2180001,ACORN-L,Adversity
MAC003640,Std,12/3/13 13:30,1.234,ACORN-L,Adversity
MAC003640,Std,12/3/13 14:00,1.263,ACORN-L,Adversity
MAC003640,Std,12/3/13 14:30,0.935,ACORN-L,Adversity
MAC003640,Std,12/3/13 15:00,0.276,ACORN-L,Adversity
MAC003640,Std,12/3/13 15:30,0.392,ACORN-L,Adversity
MAC003640,Std,12/3/13 16:00,0.353,ACORN-L,Adversity
MAC003640,Std,12/3/13 16:30,0.326,ACORN-L,Adversity
MAC003640,Std,12/3/13 17:00,0.368,ACORN-L,Adversity
MAC003640,Std,12/3/13 17:30,0.371,ACORN-L,Adversity
MAC003640,Std,12/3/13 18:00,0.378,ACORN-L,Adversity
MAC003640,Std,12/3/13 18:30,0.418,ACORN-L,Adversity
MAC003640,Std,12/3/13 19:00,0.572,ACORN-L,Adversity
MAC003640,Std,12/3/13 19:30,0.391,ACORN-L,Adversity
MAC003640,Std,12/3/13 20:00,0.302,ACORN-L,Adversity
MAC003640,Std,12/3/13 20:30,0.26,ACORN-L,Adversity
MAC003640,Std,12/3/13 21:00,0.95,ACORN-L,Adversity
MAC003640,Std,12/3/13 21:30,0.423,ACORN-L,Adversity
MAC003640,Std,12/3/13 22:00,0.399,ACORN-L,Adversity
MAC003640,Std,12/3/13 22:30,0.355,ACORN-L,Adversity
MAC003640,Std,12/3/13 23:00,0.159,ACORN-L,Adversity
MAC003640,Std,12/3/13 23:30,0.232,ACORN-L,Adversity
MAC003640,Std,12/4/13 0:00,0.381,ACORN-L,Adversity
MAC003640,Std,12/4/13 0:30,0.359,ACORN-L,Adversity
MAC003640,Std,12/4/13 1:00,0.386,ACORN-L,Adversity
MAC003640,Std,12/4/13 1:30,0.137,ACORN-L,Adversity
MAC003640,Std,12/4/13 2:00,0.12,ACORN-L,Adversity
MAC003640,Std,12/4/13 2:30,0.161,ACORN-L,Adversity
MAC003640,Std,12/4/13 3:00,0.151,ACORN-L,Adversity
MAC003640,Std,12/4/13 3:30,0.125,ACORN-L,Adversity
MAC003640,Std,12/4/13 4:00,0.116,ACORN-L,Adversity
MAC003640,Std,12/4/13 4:30,0.112,ACORN-L,Adversity
MAC003640,Std,12/4/13 5:00,0.111,ACORN-L,Adversity
MAC003640,Std,12/4/13 5:30,0.11,ACORN-L,Adversity
MAC003640,Std,12/4/13 6:00,0.109,ACORN-L,Adversity
MAC003640,Std,12/4/13 6:30,0.163,ACORN-L,Adversity
MAC003640,Std,12/4/13 7:00,0.392,ACORN-L,Adversity
MAC003640,Std,12/4/13 7:30,0.178,ACORN-L,Adversity
MAC003640,Std,12/4/13 8:00,0.116,ACORN-L,Adversity
MAC003640,Std,12/4/13 8:30,0.114,ACORN-L,Adversity
MAC003640,Std,12/4/13 9:00,0.184,ACORN-L,Adversity
MAC003640,Std,12/4/13 9:30,0.235,ACORN-L,Adversity
MAC003640,Std,12/4/13 10:00,0.537,ACORN-L,Adversity
MAC003640,Std,12/4/13 10:30,1.512,ACORN-L,Adversity
MAC003640,Std,12/4/13 11:00,0.441,ACORN-L,Adversity
MAC003640,Std,12/4/13 11:30,0.315,ACORN-L,Adversity
MAC003640,Std,12/4/13 12:00,0.257,ACORN-L,Adversity
MAC003640,Std,12/4/13 12:30,0.248,ACORN-L,Adversity
MAC003640,Std,12/4/13 13:00,0.628,ACORN-L,Adversity
MAC003640,Std,12/4/13 13:30,0.277,ACORN-L,Adversity
MAC003640,Std,12/4/13 14:00,0.369,ACORN-L,Adversity
MAC003640,Std,12/4/13 14:30,0.73,ACORN-L,Adversity
MAC003640,Std,12/4/13 15:00,0.351,ACORN-L,Adversity
MAC003640,Std,12/4/13 15:30,0.107,ACORN-L,Adversity
MAC003640,Std,12/4/13 16:00,0.075,ACORN-L,Adversity
MAC003640,Std,12/4/13 16:30,0.073,ACORN-L,Adversity
MAC003640,Std,12/4/13 17:00,0.08,ACORN-L,Adversity
MAC003640,Std,12/4/13 17:30,0.126,ACORN-L,Adversity
MAC003640,Std,12/4/13 18:00,0.148,ACORN-L,Adversity
MAC003640,Std,12/4/13 18:30,0.146,ACORN-L,Adversity
MAC003640,Std,12/4/13 19:00,0.133,ACORN-L,Adversity
MAC003640,Std,12/4/13 19:30,0.144,ACORN-L,Adversity
MAC003640,Std,12/4/13 20:00,0.793,ACORN-L,Adversity
MAC003640,Std,12/4/13 20:30,0.983,ACORN-L,Adversity
MAC003640,Std,12/4/13 21:00,0.488,ACORN-L,Adversity
MAC003640,Std,12/4/13 21:30,0.465,ACORN-L,Adversity
MAC003640,Std,12/4/13 22:00,0.509,ACORN-L,Adversity
MAC003640,Std,12/4/13 22:30,0.411,ACORN-L,Adversity
MAC003640,Std,12/4/13 23:00,0.402,ACORN-L,Adversity
MAC003640,Std,12/4/13 23:30,0.438,ACORN-L,Adversity
MAC003640,Std,12/5/13 0:00,0.864,ACORN-L,Adversity
MAC003640,Std,12/5/13 0:30,0.763,ACORN-L,Adversity
MAC003640,Std,12/5/13 1:00,0.097,ACORN-L,Adversity
MAC003640,Std,12/5/13 1:30,0.166,ACORN-L,Adversity
MAC003640,Std,12/5/13 2:00,0.164,ACORN-L,Adversity
MAC003640,Std,12/5/13 2:30,0.136,ACORN-L,Adversity
MAC003640,Std,12/5/13 3:00,0.119,ACORN-L,Adversity
MAC003640,Std,12/5/13 3:30,0.091,ACORN-L,Adversity
MAC003640,Std,12/5/13 4:00,0.098,ACORN-L,Adversity
MAC003640,Std,12/5/13 4:30,0.116,ACORN-L,Adversity
MAC003640,Std,12/5/13 5:00,0.111,ACORN-L,Adversity
MAC003640,Std,12/5/13 5:30,0.132,ACORN-L,Adversity
MAC003640,Std,12/5/13 6:00,0.153,ACORN-L,Adversity
MAC003640,Std,12/5/13 6:30,0.154,ACORN-L,Adversity
MAC003640,Std,12/5/13 7:00,0.121,ACORN-L,Adversity
MAC003640,Std,12/5/13 7:30,0.109,ACORN-L,Adversity
MAC003640,Std,12/5/13 8:00,0.109,ACORN-L,Adversity
MAC003640,Std,12/5/13 8:30,0.109,ACORN-L,Adversity
MAC003640,Std,12/5/13 9:00,0.107,ACORN-L,Adversity
MAC003640,Std,12/5/13 9:30,0.135,ACORN-L,Adversity
MAC003640,Std,12/5/13 10:00,0.13,ACORN-L,Adversity
MAC003640,Std,12/5/13 10:30,0.291,ACORN-L,Adversity
MAC003640,Std,12/5/13 11:00,0.131,ACORN-L,Adversity
MAC003640,Std,12/5/13 11:30,0.322,ACORN-L,Adversity
MAC003640,Std,12/5/13 12:00,0.538,ACORN-L,Adversity
MAC003640,Std,12/5/13 12:30,1.346,ACORN-L,Adversity
MAC003640,Std,12/5/13 13:00,1.33,ACORN-L,Adversity
MAC003640,Std,12/5/13 13:30,1.261,ACORN-L,Adversity
MAC003640,Std,12/5/13 14:00,0.29,ACORN-L,Adversity
MAC003640,Std,12/5/13 14:30,0.237,ACORN-L,Adversity
MAC003640,Std,12/5/13 15:00,0.42,ACORN-L,Adversity
MAC003640,Std,12/5/13 15:30,0.152,ACORN-L,Adversity
MAC003640,Std,12/5/13 16:00,0.436,ACORN-L,Adversity
MAC003640,Std,12/5/13 16:30,0.436,ACORN-L,Adversity
MAC003640,Std,12/5/13 17:00,0.47,ACORN-L,Adversity
MAC003640,Std,12/5/13 17:30,0.511,ACORN-L,Adversity
MAC003640,Std,12/5/13 18:00,0.628,ACORN-L,Adversity
MAC003640,Std,12/5/13 18:30,0.472,ACORN-L,Adversity
MAC003640,Std,12/5/13 19:00,0.382,ACORN-L,Adversity
MAC003640,Std,12/5/13 19:30,0.392,ACORN-L,Adversity
MAC003640,Std,12/5/13 20:00,0.363,ACORN-L,Adversity
MAC003640,Std,12/5/13 20:30,0.658,ACORN-L,Adversity
MAC003640,Std,12/5/13 21:00,0.371,ACORN-L,Adversity
MAC003640,Std,12/5/13 21:30,0.379,ACORN-L,Adversity
MAC003640,Std,12/5/13 22:00,0.356,ACORN-L,Adversity
MAC003640,Std,12/5/13 22:30,0.475,ACORN-L,Adversity
MAC003640,Std,12/5/13 23:00,0.48,ACORN-L,Adversity
MAC003640,Std,12/5/13 23:30,0.367,ACORN-L,Adversity
MAC003640,Std,12/6/13 0:00,0.185,ACORN-L,Adversity
MAC003640,Std,12/6/13 0:30,0.097,ACORN-L,Adversity
MAC003640,Std,12/6/13 1:00,0.239,ACORN-L,Adversity
MAC003640,Std,12/6/13 1:30,0.207,ACORN-L,Adversity
MAC003640,Std,12/6/13 2:00,0.146,ACORN-L,Adversity
MAC003640,Std,12/6/13 2:30,0.096,ACORN-L,Adversity
MAC003640,Std,12/6/13 3:00,0.123,ACORN-L,Adversity
MAC003640,Std,12/6/13 3:30,0.151,ACORN-L,Adversity
MAC003640,Std,12/6/13 4:00,0.131,ACORN-L,Adversity
MAC003640,Std,12/6/13 4:30,0.121,ACORN-L,Adversity
MAC003640,Std,12/6/13 5:00,0.111,ACORN-L,Adversity
MAC003640,Std,12/6/13 5:30,0.109,ACORN-L,Adversity
MAC003640,Std,12/6/13 6:00,0.111,ACORN-L,Adversity
MAC003640,Std,12/6/13 6:30,0.109,ACORN-L,Adversity
MAC003640,Std,12/6/13 7:00,0.145,ACORN-L,Adversity
MAC003640,Std,12/6/13 7:30,0.112,ACORN-L,Adversity
MAC003640,Std,12/6/13 8:00,0.109,ACORN-L,Adversity
MAC003640,Std,12/6/13 8:30,0.108,ACORN-L,Adversity
MAC003640,Std,12/6/13 9:00,0.108,ACORN-L,Adversity
MAC003640,Std,12/6/13 9:30,0.219,ACORN-L,Adversity
MAC003640,Std,12/6/13 10:00,0.95,ACORN-L,Adversity
MAC003640,Std,12/6/13 10:30,0.988,ACORN-L,Adversity
MAC003640,Std,12/6/13 11:00,0.257,ACORN-L,Adversity
MAC003640,Std,12/6/13 11:30,0.797,ACORN-L,Adversity
MAC003640,Std,12/6/13 12:00,0.18,ACORN-L,Adversity
MAC003640,Std,12/6/13 12:30,0.192,ACORN-L,Adversity
MAC003640,Std,12/6/13 13:00,0.341,ACORN-L,Adversity
MAC003640,Std,12/6/13 13:30,0.406,ACORN-L,Adversity
MAC003640,Std,12/6/13 14:00,0.33,ACORN-L,Adversity
MAC003640,Std,12/6/13 14:30,0.517,ACORN-L,Adversity
MAC003640,Std,12/6/13 15:00,0.575,ACORN-L,Adversity
MAC003640,Std,12/6/13 15:30,0.209,ACORN-L,Adversity
MAC003640,Std,12/6/13 16:00,0.137,ACORN-L,Adversity
MAC003640,Std,12/6/13 16:30,0.65,ACORN-L,Adversity
MAC003640,Std,12/6/13 17:00,0.207,ACORN-L,Adversity
MAC003640,Std,12/6/13 17:30,0.47,ACORN-L,Adversity
MAC003640,Std,12/6/13 18:00,0.492,ACORN-L,Adversity
MAC003640,Std,12/6/13 18:30,0.491,ACORN-L,Adversity
MAC003640,Std,12/6/13 19:00,0.502,ACORN-L,Adversity
MAC003640,Std,12/6/13 19:30,0.499,ACORN-L,Adversity
MAC003640,Std,12/6/13 20:00,0.487,ACORN-L,Adversity
MAC003640,Std,12/6/13 20:30,0.62,ACORN-L,Adversity
MAC003640,Std,12/6/13 21:00,0.502,ACORN-L,Adversity
MAC003640,Std,12/6/13 21:30,0.537,ACORN-L,Adversity
MAC003640,Std,12/6/13 22:00,0.502,ACORN-L,Adversity
MAC003640,Std,12/6/13 22:30,0.56,ACORN-L,Adversity
MAC003640,Std,12/6/13 23:00,0.391,ACORN-L,Adversity
MAC003640,Std,12/6/13 23:30,0.68,ACORN-L,Adversity
MAC003640,Std,12/7/13 0:00,0.659,ACORN-L,Adversity
MAC003640,Std,12/7/13 0:30,0.148,ACORN-L,Adversity
MAC003640,Std,12/7/13 1:00,0.092,ACORN-L,Adversity
MAC003640,Std,12/7/13 1:30,0.076,ACORN-L,Adversity
MAC003640,Std,12/7/13 2:00,0.075,ACORN-L,Adversity
MAC003640,Std,12/7/13 2:30,0.074,ACORN-L,Adversity
MAC003640,Std,12/7/13 3:00,0.071,ACORN-L,Adversity
MAC003640,Std,12/7/13 3:30,0.108,ACORN-L,Adversity
MAC003640,Std,12/7/13 4:00,0.09,ACORN-L,Adversity
MAC003640,Std,12/7/13 4:30,0.107,ACORN-L,Adversity
MAC003640,Std,12/7/13 5:00,0.105,ACORN-L,Adversity
MAC003640,Std,12/7/13 5:30,0.117,ACORN-L,Adversity
MAC003640,Std,12/7/13 6:00,0.153,ACORN-L,Adversity
MAC003640,Std,12/7/13 6:30,0.15,ACORN-L,Adversity
MAC003640,Std,12/7/13 7:00,0.15,ACORN-L,Adversity
MAC003640,Std,12/7/13 7:30,0.153,ACORN-L,Adversity
MAC003640,Std,12/7/13 8:00,0.147,ACORN-L,Adversity
MAC003640,Std,12/7/13 8:30,0.146,ACORN-L,Adversity
MAC003640,Std,12/7/13 9:00,0.131,ACORN-L,Adversity
MAC003640,Std,12/7/13 9:30,0.126,ACORN-L,Adversity
MAC003640,Std,12/7/13 10:00,0.42,ACORN-L,Adversity
MAC003640,Std,12/7/13 10:30,0.204,ACORN-L,Adversity
MAC003640,Std,12/7/13 11:00,0.863,ACORN-L,Adversity
MAC003640,Std,12/7/13 11:30,0.604,ACORN-L,Adversity
MAC003640,Std,12/7/13 12:00,0.487,ACORN-L,Adversity
MAC003640,Std,12/7/13 12:30,0.563,ACORN-L,Adversity
MAC003640,Std,12/7/13 13:00,0.806,ACORN-L,Adversity
MAC003640,Std,12/7/13 13:30,0.381,ACORN-L,Adversity
MAC003640,Std,12/7/13 14:00,0.454,ACORN-L,Adversity
MAC003640,Std,12/7/13 14:30,0.338,ACORN-L,Adversity
MAC003640,Std,12/7/13 15:00,0.347,ACORN-L,Adversity
MAC003640,Std,12/7/13 15:30,0.159,ACORN-L,Adversity
MAC003640,Std,12/7/13 16:00,0.13,ACORN-L,Adversity
MAC003640,Std,12/7/13 16:30,0.169,ACORN-L,Adversity
MAC003640,Std,12/7/13 17:00,0.134,ACORN-L,Adversity
MAC003640,Std,12/7/13 17:30,0.129,ACORN-L,Adversity
MAC003640,Std,12/7/13 18:00,0.128,ACORN-L,Adversity
MAC003640,Std,12/7/13 18:30,0.142,ACORN-L,Adversity
MAC003640,Std,12/7/13 19:00,0.313,ACORN-L,Adversity
MAC003640,Std,12/7/13 19:30,0.441,ACORN-L,Adversity
MAC003640,Std,12/7/13 20:00,0.429,ACORN-L,Adversity
MAC003640,Std,12/7/13 20:30,0.479,ACORN-L,Adversity
MAC003640,Std,12/7/13 21:00,0.631,ACORN-L,Adversity
MAC003640,Std,12/7/13 21:30,0.416,ACORN-L,Adversity
MAC003640,Std,12/7/13 22:00,0.384,ACORN-L,Adversity
MAC003640,Std,12/7/13 22:30,0.328,ACORN-L,Adversity
MAC003640,Std,12/7/13 23:00,0.364,ACORN-L,Adversity
MAC003640,Std,12/7/13 23:30,0.31,ACORN-L,Adversity
MAC003640,Std,12/8/13 0:00,0.304,ACORN-L,Adversity
MAC003640,Std,12/8/13 0:30,0.298,ACORN-L,Adversity
MAC003640,Std,12/8/13 1:00,0.361,ACORN-L,Adversity
MAC003640,Std,12/8/13 1:30,0.344,ACORN-L,Adversity
MAC003640,Std,12/8/13 2:00,0.171,ACORN-L,Adversity
MAC003640,Std,12/8/13 2:30,0.089,ACORN-L,Adversity
MAC003640,Std,12/8/13 3:00,0.083,ACORN-L,Adversity
MAC003640,Std,12/8/13 3:30,0.078,ACORN-L,Adversity
MAC003640,Std,12/8/13 4:00,0.127,ACORN-L,Adversity
MAC003640,Std,12/8/13 4:30,0.115,ACORN-L,Adversity
MAC003640,Std,12/8/13 5:00,0.117,ACORN-L,Adversity
MAC003640,Std,12/8/13 5:30,0.119,ACORN-L,Adversity
MAC003640,Std,12/8/13 6:00,0.119,ACORN-L,Adversity
MAC003640,Std,12/8/13 6:30,0.16,ACORN-L,Adversity
MAC003640,Std,12/8/13 7:00,0.166,ACORN-L,Adversity
MAC003640,Std,12/8/13 7:30,0.164,ACORN-L,Adversity
MAC003640,Std,12/8/13 8:00,0.152,ACORN-L,Adversity
MAC003640,Std,12/8/13 8:30,0.12,ACORN-L,Adversity
MAC003640,Std,12/8/13 9:00,0.12,ACORN-L,Adversity
MAC003640,Std,12/8/13 9:30,0.151,ACORN-L,Adversity
MAC003640,Std,12/8/13 10:00,0.348,ACORN-L,Adversity
MAC003640,Std,12/8/13 10:30,0.184,ACORN-L,Adversity
MAC003640,Std,12/8/13 11:00,0.297,ACORN-L,Adversity
MAC003640,Std,12/8/13 11:30,0.082,ACORN-L,Adversity
MAC003640,Std,12/8/13 12:00,0.074,ACORN-L,Adversity
MAC003640,Std,12/8/13 12:30,0.084,ACORN-L,Adversity
MAC003640,Std,12/8/13 13:00,0.135,ACORN-L,Adversity
MAC003640,Std,12/8/13 13:30,0.346,ACORN-L,Adversity
MAC003640,Std,12/8/13 14:00,0.44,ACORN-L,Adversity
MAC003640,Std,12/8/13 14:30,0.391,ACORN-L,Adversity
MAC003640,Std,12/8/13 15:00,0.32,ACORN-L,Adversity
MAC003640,Std,12/8/13 15:30,0.35,ACORN-L,Adversity
MAC003640,Std,12/8/13 16:00,0.208,ACORN-L,Adversity
MAC003640,Std,12/8/13 16:30,0.181,ACORN-L,Adversity
MAC003640,Std,12/8/13 17:00,0.178,ACORN-L,Adversity
MAC003640,Std,12/8/13 17:30,0.234,ACORN-L,Adversity
MAC003640,Std,12/8/13 18:00,0.235,ACORN-L,Adversity
MAC003640,Std,12/8/13 18:30,0.149,ACORN-L,Adversity
MAC003640,Std,12/8/13 19:00,0.105,ACORN-L,Adversity
MAC003640,Std,12/8/13 19:30,0.109,ACORN-L,Adversity
MAC003640,Std,12/8/13 20:00,0.101,ACORN-L,Adversity
MAC003640,Std,12/8/13 20:30,0.105,ACORN-L,Adversity
MAC003640,Std,12/8/13 21:00,0.107,ACORN-L,Adversity
MAC003640,Std,12/8/13 21:30,0.152,ACORN-L,Adversity
MAC003640,Std,12/8/13 22:00,0.546,ACORN-L,Adversity
MAC003640,Std,12/8/13 22:30,0.443,ACORN-L,Adversity
MAC003640,Std,12/8/13 23:00,0.443,ACORN-L,Adversity
MAC003640,Std,12/8/13 23:30,0.541,ACORN-L,Adversity
MAC003640,Std,12/9/13 0:00,0.407,ACORN-L,Adversity
MAC003640,Std,12/9/13 0:30,0.431,ACORN-L,Adversity
MAC003640,Std,12/9/13 1:00,0.459,ACORN-L,Adversity
MAC003640,Std,12/9/13 1:30,0.224,ACORN-L,Adversity
MAC003640,Std,12/9/13 2:00,0.218,ACORN-L,Adversity
MAC003640,Std,12/9/13 2:30,0.183,ACORN-L,Adversity
MAC003640,Std,12/9/13 3:00,0.119,ACORN-L,Adversity
MAC003640,Std,12/9/13 3:30,0.088,ACORN-L,Adversity
MAC003640,Std,12/9/13 4:00,0.098,ACORN-L,Adversity
MAC003640,Std,12/9/13 4:30,0.141,ACORN-L,Adversity
MAC003640,Std,12/9/13 5:00,0.158,ACORN-L,Adversity
MAC003640,Std,12/9/13 5:30,0.154,ACORN-L,Adversity
MAC003640,Std,12/9/13 6:00,0.138,ACORN-L,Adversity
MAC003640,Std,12/9/13 6:30,0.116,ACORN-L,Adversity
MAC003640,Std,12/9/13 7:00,0.116,ACORN-L,Adversity
MAC003640,Std,12/9/13 7:30,0.115,ACORN-L,Adversity
MAC003640,Std,12/9/13 8:00,0.114,ACORN-L,Adversity
MAC003640,Std,12/9/13 8:30,0.138,ACORN-L,Adversity
MAC003640,Std,12/9/13 9:00,0.168,ACORN-L,Adversity
MAC003640,Std,12/9/13 9:30,0.247,ACORN-L,Adversity
MAC003640,Std,12/9/13 10:00,0.166,ACORN-L,Adversity
MAC003640,Std,12/9/13 10:30,0.144,ACORN-L,Adversity
MAC003640,Std,12/9/13 11:00,0.143,ACORN-L,Adversity
MAC003640,Std,12/9/13 11:30,0.122,ACORN-L,Adversity
MAC003640,Std,12/9/13 12:00,0.191,ACORN-L,Adversity
MAC003640,Std,12/9/13 12:30,0.311,ACORN-L,Adversity
MAC003640,Std,12/9/13 13:00,0.505,ACORN-L,Adversity
MAC003640,Std,12/9/13 13:30,0.507,ACORN-L,Adversity
MAC003640,Std,12/9/13 14:00,0.336,ACORN-L,Adversity
MAC003640,Std,12/9/13 14:30,0.306,ACORN-L,Adversity
MAC003640,Std,12/9/13 15:00,0.261,ACORN-L,Adversity
MAC003640,Std,12/9/13 15:30,1.207,ACORN-L,Adversity
MAC003640,Std,12/9/13 16:00,1.309,ACORN-L,Adversity
MAC003640,Std,12/9/13 16:30,0.989,ACORN-L,Adversity
MAC003640,Std,12/9/13 17:00,0.676,ACORN-L,Adversity
MAC003640,Std,12/9/13 17:30,0.729,ACORN-L,Adversity
MAC003640,Std,12/9/13 18:00,0.881,ACORN-L,Adversity
MAC003640,Std,12/9/13 18:30,0.37,ACORN-L,Adversity
MAC003640,Std,12/9/13 19:00,0.449,ACORN-L,Adversity
MAC003640,Std,12/9/13 19:30,0.482,ACORN-L,Adversity
MAC003640,Std,12/9/13 20:00,0.448,ACORN-L,Adversity
MAC003640,Std,12/9/13 20:30,0.419,ACORN-L,Adversity
MAC003640,Std,12/9/13 21:00,0.45,ACORN-L,Adversity
MAC003640,Std,12/9/13 21:30,0.452,ACORN-L,Adversity
MAC003640,Std,12/9/13 22:00,0.428,ACORN-L,Adversity
MAC003640,Std,12/9/13 22:30,0.583,ACORN-L,Adversity
MAC003640,Std,12/9/13 23:00,1.323,ACORN-L,Adversity
MAC003640,Std,12/9/13 23:30,1.036,ACORN-L,Adversity
MAC003640,Std,12/10/13 0:00,0.278,ACORN-L,Adversity
MAC003640,Std,12/10/13 0:30,0.303,ACORN-L,Adversity
MAC003640,Std,12/10/13 1:00,0.196,ACORN-L,Adversity
MAC003640,Std,12/10/13 1:30,0.182,ACORN-L,Adversity
MAC003640,Std,12/10/13 2:00,0.136,ACORN-L,Adversity
MAC003640,Std,12/10/13 2:30,0.139,ACORN-L,Adversity
MAC003640,Std,12/10/13 3:00,0.137,ACORN-L,Adversity
MAC003640,Std,12/10/13 3:30,0.133,ACORN-L,Adversity
MAC003640,Std,12/10/13 4:00,0.143,ACORN-L,Adversity
MAC003640,Std,12/10/13 4:30,0.167,ACORN-L,Adversity
MAC003640,Std,12/10/13 5:00,0.165,ACORN-L,Adversity
MAC003640,Std,12/10/13 5:30,0.137,ACORN-L,Adversity
MAC003640,Std,12/10/13 6:00,0.12,ACORN-L,Adversity
MAC003640,Std,12/10/13 6:30,0.138,ACORN-L,Adversity
MAC003640,Std,12/10/13 7:00,0.286,ACORN-L,Adversity
MAC003640,Std,12/10/13 7:30,0.115,ACORN-L,Adversity
MAC003640,Std,12/10/13 8:00,0.151,ACORN-L,Adversity
MAC003640,Std,12/10/13 8:30,0.159,ACORN-L,Adversity
MAC003640,Std,12/10/13 9:00,0.26,ACORN-L,Adversity
MAC003640,Std,12/10/13 9:30,0.405,ACORN-L,Adversity
MAC003640,Std,12/10/13 10:00,0.219,ACORN-L,Adversity
MAC003640,Std,12/10/13 10:30,0.123,ACORN-L,Adversity
MAC003640,Std,12/10/13 11:00,0.182,ACORN-L,Adversity
MAC003640,Std,12/10/13 11:30,0.184,ACORN-L,Adversity
MAC003640,Std,12/10/13 12:00,0.193,ACORN-L,Adversity
MAC003640,Std,12/10/13 12:30,0.157,ACORN-L,Adversity
MAC003640,Std,12/10/13 13:00,1.08,ACORN-L,Adversity
MAC003640,Std,12/10/13 13:30,1.352,ACORN-L,Adversity
MAC003640,Std,12/10/13 14:00,1.374,ACORN-L,Adversity
MAC003640,Std,12/10/13 14:30,0.848,ACORN-L,Adversity
MAC003640,Std,12/10/13 15:00,0.49,ACORN-L,Adversity
MAC003640,Std,12/10/13 15:30,0.453,ACORN-L,Adversity
MAC003640,Std,12/10/13 16:00,0.397,ACORN-L,Adversity
MAC003640,Std,12/10/13 16:30,1.3890001,ACORN-L,Adversity
MAC003640,Std,12/10/13 17:00,0.442,ACORN-L,Adversity
MAC003640,Std,12/10/13 17:30,0.393,ACORN-L,Adversity
MAC003640,Std,12/10/13 18:00,0.43,ACORN-L,Adversity
MAC003640,Std,12/10/13 18:30,0.487,ACORN-L,Adversity
MAC003640,Std,12/10/13 19:00,0.633,ACORN-L,Adversity
MAC003640,Std,12/10/13 19:30,0.785,ACORN-L,Adversity
MAC003640,Std,12/10/13 20:00,0.588,ACORN-L,Adversity
MAC003640,Std,12/10/13 20:30,0.597,ACORN-L,Adversity
MAC003640,Std,12/10/13 21:00,0.707,ACORN-L,Adversity
MAC003640,Std,12/10/13 21:30,0.742,ACORN-L,Adversity
MAC003640,Std,12/10/13 22:00,0.668,ACORN-L,Adversity
MAC003640,Std,12/10/13 22:30,0.712,ACORN-L,Adversity
MAC003640,Std,12/10/13 23:00,0.611,ACORN-L,Adversity
MAC003640,Std,12/10/13 23:30,0.342,ACORN-L,Adversity
MAC003640,Std,12/11/13 0:00,0.416,ACORN-L,Adversity
MAC003640,Std,12/11/13 0:30,0.356,ACORN-L,Adversity
MAC003640,Std,12/11/13 1:00,0.297,ACORN-L,Adversity
MAC003640,Std,12/11/13 1:30,0.374,ACORN-L,Adversity
MAC003640,Std,12/11/13 2:00,0.337,ACORN-L,Adversity
MAC003640,Std,12/11/13 2:30,0.304,ACORN-L,Adversity
MAC003640,Std,12/11/13 3:00,0.363,ACORN-L,Adversity
MAC003640,Std,12/11/13 3:30,0.419,ACORN-L,Adversity
MAC003640,Std,12/11/13 4:00,0.331,ACORN-L,Adversity
MAC003640,Std,12/11/13 4:30,0.352,ACORN-L,Adversity
MAC003640,Std,12/11/13 5:00,0.424,ACORN-L,Adversity
MAC003640,Std,12/11/13 5:30,0.403,ACORN-L,Adversity
MAC003640,Std,12/11/13 6:00,0.379,ACORN-L,Adversity
MAC003640,Std,12/11/13 6:30,0.45,ACORN-L,Adversity
MAC003640,Std,12/11/13 7:00,0.536,ACORN-L,Adversity
MAC003640,Std,12/11/13 7:30,0.327,ACORN-L,Adversity
MAC003640,Std,12/11/13 8:00,0.347,ACORN-L,Adversity
MAC003640,Std,12/11/13 8:30,0.571,ACORN-L,Adversity
MAC003640,Std,12/11/13 9:00,0.475,ACORN-L,Adversity
MAC003640,Std,12/11/13 9:30,0.408,ACORN-L,Adversity
MAC003640,Std,12/11/13 10:00,0.443,ACORN-L,Adversity
MAC003640,Std,12/11/13 10:30,0.4,ACORN-L,Adversity
MAC003640,Std,12/11/13 11:00,0.322,ACORN-L,Adversity
MAC003640,Std,12/11/13 11:30,0.313,ACORN-L,Adversity
MAC003640,Std,12/11/13 12:00,0.917,ACORN-L,Adversity
MAC003640,Std,12/11/13 12:30,1.727,ACORN-L,Adversity
MAC003640,Std,12/11/13 13:00,1.2920001,ACORN-L,Adversity
MAC003640,Std,12/11/13 13:30,0.548,ACORN-L,Adversity
MAC003640,Std,12/11/13 14:00,1.6109999,ACORN-L,Adversity
MAC003640,Std,12/11/13 14:30,1.142,ACORN-L,Adversity
MAC003640,Std,12/11/13 15:00,0.639,ACORN-L,Adversity
MAC003640,Std,12/11/13 15:30,1.602,ACORN-L,Adversity
MAC003640,Std,12/11/13 16:00,1.0190001,ACORN-L,Adversity
MAC003640,Std,12/11/13 16:30,0.504,ACORN-L,Adversity
MAC003640,Std,12/11/13 17:00,0.567,ACORN-L,Adversity
MAC003640,Std,12/11/13 17:30,0.597,ACORN-L,Adversity
MAC003640,Std,12/11/13 18:00,0.643,ACORN-L,Adversity
MAC003640,Std,12/11/13 18:30,0.636,ACORN-L,Adversity
MAC003640,Std,12/11/13 19:00,1.0779999,ACORN-L,Adversity
MAC003640,Std,12/11/13 19:30,0.687,ACORN-L,Adversity
MAC003640,Std,12/11/13 20:00,0.623,ACORN-L,Adversity
MAC003640,Std,12/11/13 20:30,0.576,ACORN-L,Adversity
MAC003640,Std,12/11/13 21:00,0.613,ACORN-L,Adversity
MAC003640,Std,12/11/13 21:30,1.194,ACORN-L,Adversity
MAC003640,Std,12/11/13 22:00,0.598,ACORN-L,Adversity
MAC003640,Std,12/11/13 22:30,0.618,ACORN-L,Adversity
MAC003640,Std,12/11/13 23:00,0.67,ACORN-L,Adversity
MAC003640,Std,12/11/13 23:30,0.596,ACORN-L,Adversity
MAC003640,Std,12/12/13 0:00,0.927,ACORN-L,Adversity
MAC003640,Std,12/12/13 0:30,0.963,ACORN-L,Adversity
MAC003640,Std,12/12/13 1:00,0.38,ACORN-L,Adversity
MAC003640,Std,12/12/13 1:30,0.408,ACORN-L,Adversity
MAC003640,Std,12/12/13 2:00,0.374,ACORN-L,Adversity
MAC003640,Std,12/12/13 2:30,0.309,ACORN-L,Adversity
MAC003640,Std,12/12/13 3:00,0.393,ACORN-L,Adversity
MAC003640,Std,12/12/13 3:30,0.32,ACORN-L,Adversity
MAC003640,Std,12/12/13 4:00,0.382,ACORN-L,Adversity
MAC003640,Std,12/12/13 4:30,0.447,ACORN-L,Adversity
MAC003640,Std,12/12/13 5:00,0.358,ACORN-L,Adversity
MAC003640,Std,12/12/13 5:30,0.384,ACORN-L,Adversity
MAC003640,Std,12/12/13 6:00,0.38,ACORN-L,Adversity
MAC003640,Std,12/12/13 6:30,0.33,ACORN-L,Adversity
MAC003640,Std,12/12/13 7:00,0.392,ACORN-L,Adversity
MAC003640,Std,12/12/13 7:30,0.402,ACORN-L,Adversity
MAC003640,Std,12/12/13 8:00,0.36,ACORN-L,Adversity
MAC003640,Std,12/12/13 8:30,0.394,ACORN-L,Adversity
MAC003640,Std,12/12/13 9:00,0.394,ACORN-L,Adversity
MAC003640,Std,12/12/13 9:30,0.642,ACORN-L,Adversity
MAC003640,Std,12/12/13 10:00,0.62,ACORN-L,Adversity
MAC003640,Std,12/12/13 10:30,0.636,ACORN-L,Adversity
MAC003640,Std,12/12/13 11:00,0.597,ACORN-L,Adversity
MAC003640,Std,12/12/13 11:30,0.577,ACORN-L,Adversity
MAC003640,Std,12/12/13 12:00,1.388,ACORN-L,Adversity
MAC003640,Std,12/12/13 12:30,0.714,ACORN-L,Adversity
MAC003640,Std,12/12/13 13:00,0.686,ACORN-L,Adversity
MAC003640,Std,12/12/13 13:30,0.871,ACORN-L,Adversity
MAC003640,Std,12/12/13 14:00,0.561,ACORN-L,Adversity
MAC003640,Std,12/12/13 14:30,0.895,ACORN-L,Adversity
MAC003640,Std,12/12/13 15:00,1.794,ACORN-L,Adversity
MAC003640,Std,12/12/13 15:30,1.607,ACORN-L,Adversity
MAC003640,Std,12/12/13 16:00,1.5140001,ACORN-L,Adversity
MAC003640,Std,12/12/13 16:30,0.846,ACORN-L,Adversity
MAC003640,Std,12/12/13 17:00,0.534,ACORN-L,Adversity
MAC003640,Std,12/12/13 17:30,1.056,ACORN-L,Adversity
MAC003640,Std,12/12/13 18:00,0.789,ACORN-L,Adversity
MAC003640,Std,12/12/13 18:30,0.997,ACORN-L,Adversity
MAC003640,Std,12/12/13 19:00,0.605,ACORN-L,Adversity
MAC003640,Std,12/12/13 19:30,0.364,ACORN-L,Adversity
MAC003640,Std,12/12/13 20:00,0.325,ACORN-L,Adversity
MAC003640,Std,12/12/13 20:30,0.318,ACORN-L,Adversity
MAC003640,Std,12/12/13 21:00,0.319,ACORN-L,Adversity
MAC003640,Std,12/12/13 21:30,0.334,ACORN-L,Adversity
MAC003640,Std,12/12/13 22:00,0.388,ACORN-L,Adversity
MAC003640,Std,12/12/13 22:30,0.501,ACORN-L,Adversity
MAC003640,Std,12/12/13 23:00,0.618,ACORN-L,Adversity
MAC003640,Std,12/12/13 23:30,0.9,ACORN-L,Adversity
MAC003640,Std,12/13/13 0:00,1.569,ACORN-L,Adversity
MAC003640,Std,12/13/13 0:30,0.342,ACORN-L,Adversity
MAC003640,Std,12/13/13 1:00,0.31,ACORN-L,Adversity
MAC003640,Std,12/13/13 1:30,0.325,ACORN-L,Adversity
MAC003640,Std,12/13/13 2:00,0.323,ACORN-L,Adversity
MAC003640,Std,12/13/13 2:30,0.313,ACORN-L,Adversity
MAC003640,Std,12/13/13 3:00,0.323,ACORN-L,Adversity
MAC003640,Std,12/13/13 3:30,0.324,ACORN-L,Adversity
MAC003640,Std,12/13/13 4:00,0.298,ACORN-L,Adversity
MAC003640,Std,12/13/13 4:30,0.319,ACORN-L,Adversity
MAC003640,Std,12/13/13 5:00,0.333,ACORN-L,Adversity
MAC003640,Std,12/13/13 5:30,0.366,ACORN-L,Adversity
MAC003640,Std,12/13/13 6:00,0.391,ACORN-L,Adversity
MAC003640,Std,12/13/13 6:30,0.352,ACORN-L,Adversity
MAC003640,Std,12/13/13 7:00,0.317,ACORN-L,Adversity
MAC003640,Std,12/13/13 7:30,0.304,ACORN-L,Adversity
MAC003640,Std,12/13/13 8:00,0.307,ACORN-L,Adversity
MAC003640,Std,12/13/13 8:30,0.29,ACORN-L,Adversity
MAC003640,Std,12/13/13 9:00,0.467,ACORN-L,Adversity
MAC003640,Std,12/13/13 9:30,0.477,ACORN-L,Adversity
MAC003640,Std,12/13/13 10:00,0.478,ACORN-L,Adversity
MAC003640,Std,12/13/13 10:30,0.488,ACORN-L,Adversity
MAC003640,Std,12/13/13 11:00,0.433,ACORN-L,Adversity
MAC003640,Std,12/13/13 11:30,0.677,ACORN-L,Adversity
MAC003640,Std,12/13/13 12:00,0.59,ACORN-L,Adversity
MAC003640,Std,12/13/13 12:30,0.542,ACORN-L,Adversity
MAC003640,Std,12/13/13 13:00,0.533,ACORN-L,Adversity
MAC003640,Std,12/13/13 13:30,0.512,ACORN-L,Adversity
MAC003640,Std,12/13/13 14:00,1.277,ACORN-L,Adversity
MAC003640,Std,12/13/13 14:30,0.74,ACORN-L,Adversity
MAC003640,Std,12/13/13 15:00,1.262,ACORN-L,Adversity
MAC003640,Std,12/13/13 15:30,1.556,ACORN-L,Adversity
MAC003640,Std,12/13/13 16:00,0.79,ACORN-L,Adversity
MAC003640,Std,12/13/13 16:30,0.451,ACORN-L,Adversity
MAC003640,Std,12/13/13 17:00,0.465,ACORN-L,Adversity
MAC003640,Std,12/13/13 17:30,0.477,ACORN-L,Adversity
MAC003640,Std,12/13/13 18:00,0.561,ACORN-L,Adversity
MAC003640,Std,12/13/13 18:30,0.659,ACORN-L,Adversity
MAC003640,Std,12/13/13 19:00,0.89,ACORN-L,Adversity
MAC003640,Std,12/13/13 19:30,0.668,ACORN-L,Adversity
MAC003640,Std,12/13/13 20:00,0.587,ACORN-L,Adversity
MAC003640,Std,12/13/13 20:30,0.578,ACORN-L,Adversity
MAC003640,Std,12/13/13 21:00,0.587,ACORN-L,Adversity
MAC003640,Std,12/13/13 21:30,0.674,ACORN-L,Adversity
MAC003640,Std,12/13/13 22:00,0.695,ACORN-L,Adversity
MAC003640,Std,12/13/13 22:30,0.514,ACORN-L,Adversity
MAC003640,Std,12/13/13 23:00,0.747,ACORN-L,Adversity
MAC003640,Std,12/13/13 23:30,0.616,ACORN-L,Adversity
MAC003640,Std,12/14/13 0:00,0.653,ACORN-L,Adversity
MAC003640,Std,12/14/13 0:30,0.699,ACORN-L,Adversity
MAC003640,Std,12/14/13 1:00,0.402,ACORN-L,Adversity
MAC003640,Std,12/14/13 1:30,0.568,ACORN-L,Adversity
MAC003640,Std,12/14/13 2:00,0.412,ACORN-L,Adversity
MAC003640,Std,12/14/13 2:30,0.359,ACORN-L,Adversity
MAC003640,Std,12/14/13 3:00,0.29,ACORN-L,Adversity
MAC003640,Std,12/14/13 3:30,0.288,ACORN-L,Adversity
MAC003640,Std,12/14/13 4:00,0.336,ACORN-L,Adversity
MAC003640,Std,12/14/13 4:30,0.414,ACORN-L,Adversity
MAC003640,Std,12/14/13 5:00,0.354,ACORN-L,Adversity
MAC003640,Std,12/14/13 5:30,0.337,ACORN-L,Adversity
MAC003640,Std,12/14/13 6:00,0.37,ACORN-L,Adversity
MAC003640,Std,12/14/13 6:30,0.36,ACORN-L,Adversity
MAC003640,Std,12/14/13 7:00,0.314,ACORN-L,Adversity
MAC003640,Std,12/14/13 7:30,0.313,ACORN-L,Adversity
MAC003640,Std,12/14/13 8:00,0.404,ACORN-L,Adversity
MAC003640,Std,12/14/13 8:30,0.364,ACORN-L,Adversity
MAC003640,Std,12/14/13 9:00,0.438,ACORN-L,Adversity
MAC003640,Std,12/14/13 9:30,0.526,ACORN-L,Adversity
MAC003640,Std,12/14/13 10:00,0.455,ACORN-L,Adversity
MAC003640,Std,12/14/13 10:30,0.418,ACORN-L,Adversity
MAC003640,Std,12/14/13 11:00,0.403,ACORN-L,Adversity
MAC003640,Std,12/14/13 11:30,0.422,ACORN-L,Adversity
MAC003640,Std,12/14/13 12:00,0.47,ACORN-L,Adversity
MAC003640,Std,12/14/13 12:30,0.551,ACORN-L,Adversity
MAC003640,Std,12/14/13 13:00,0.478,ACORN-L,Adversity
MAC003640,Std,12/14/13 13:30,0.44,ACORN-L,Adversity
MAC003640,Std,12/14/13 14:00,0.505,ACORN-L,Adversity
MAC003640,Std,12/14/13 14:30,0.598,ACORN-L,Adversity
MAC003640,Std,12/14/13 15:00,0.517,ACORN-L,Adversity
MAC003640,Std,12/14/13 15:30,0.629,ACORN-L,Adversity
MAC003640,Std,12/14/13 16:00,1.0140001,ACORN-L,Adversity
MAC003640,Std,12/14/13 16:30,0.646,ACORN-L,Adversity
MAC003640,Std,12/14/13 17:00,0.828,ACORN-L,Adversity
MAC003640,Std,12/14/13 17:30,0.743,ACORN-L,Adversity
MAC003640,Std,12/14/13 18:00,0.879,ACORN-L,Adversity
MAC003640,Std,12/14/13 18:30,0.574,ACORN-L,Adversity
MAC003640,Std,12/14/13 19:00,0.432,ACORN-L,Adversity
MAC003640,Std,12/14/13 19:30,0.425,ACORN-L,Adversity
MAC003640,Std,12/14/13 20:00,0.433,ACORN-L,Adversity
MAC003640,Std,12/14/13 20:30,0.484,ACORN-L,Adversity
MAC003640,Std,12/14/13 21:00,0.287,ACORN-L,Adversity
MAC003640,Std,12/14/13 21:30,0.356,ACORN-L,Adversity
MAC003640,Std,12/14/13 22:00,0.422,ACORN-L,Adversity
MAC003640,Std,12/14/13 22:30,0.411,ACORN-L,Adversity
MAC003640,Std,12/14/13 23:00,0.336,ACORN-L,Adversity
MAC003640,Std,12/14/13 23:30,0.145,ACORN-L,Adversity
MAC003640,Std,12/15/13 0:00,0.131,ACORN-L,Adversity
MAC003640,Std,12/15/13 0:30,0.12,ACORN-L,Adversity
MAC003640,Std,12/15/13 1:00,0.099,ACORN-L,Adversity
MAC003640,Std,12/15/13 1:30,0.074,ACORN-L,Adversity
MAC003640,Std,12/15/13 2:00,0.071,ACORN-L,Adversity
MAC003640,Std,12/15/13 2:30,0.072,ACORN-L,Adversity
MAC003640,Std,12/15/13 3:00,0.071,ACORN-L,Adversity
MAC003640,Std,12/15/13 3:30,0.089,ACORN-L,Adversity
MAC003640,Std,12/15/13 4:00,0.106,ACORN-L,Adversity
MAC003640,Std,12/15/13 4:30,0.106,ACORN-L,Adversity
MAC003640,Std,12/15/13 5:00,0.103,ACORN-L,Adversity
MAC003640,Std,12/15/13 5:30,0.104,ACORN-L,Adversity
MAC003640,Std,12/15/13 6:00,0.12,ACORN-L,Adversity
MAC003640,Std,12/15/13 6:30,0.152,ACORN-L,Adversity
MAC003640,Std,12/15/13 7:00,0.149,ACORN-L,Adversity
MAC003640,Std,12/15/13 7:30,0.149,ACORN-L,Adversity
MAC003640,Std,12/15/13 8:00,0.122,ACORN-L,Adversity
MAC003640,Std,12/15/13 8:30,0.106,ACORN-L,Adversity
MAC003640,Std,12/15/13 9:00,0.11,ACORN-L,Adversity
MAC003640,Std,12/15/13 9:30,0.109,ACORN-L,Adversity
MAC003640,Std,12/15/13 10:00,0.356,ACORN-L,Adversity
MAC003640,Std,12/15/13 10:30,0.354,ACORN-L,Adversity
MAC003640,Std,12/15/13 11:00,0.434,ACORN-L,Adversity
MAC003640,Std,12/15/13 11:30,0.084,ACORN-L,Adversity
MAC003640,Std,12/15/13 12:00,0.074,ACORN-L,Adversity
MAC003640,Std,12/15/13 12:30,0.078,ACORN-L,Adversity
MAC003640,Std,12/15/13 13:00,0.138,ACORN-L,Adversity
MAC003640,Std,12/15/13 13:30,0.26,ACORN-L,Adversity
MAC003640,Std,12/15/13 14:00,0.357,ACORN-L,Adversity
MAC003640,Std,12/15/13 14:30,0.556,ACORN-L,Adversity
MAC003640,Std,12/15/13 15:00,0.414,ACORN-L,Adversity
MAC003640,Std,12/15/13 15:30,0.389,ACORN-L,Adversity
MAC003640,Std,12/15/13 16:00,0.661,ACORN-L,Adversity
MAC003640,Std,12/15/13 16:30,0.411,ACORN-L,Adversity
MAC003640,Std,12/15/13 17:00,0.43,ACORN-L,Adversity
MAC003640,Std,12/15/13 17:30,0.757,ACORN-L,Adversity
MAC003640,Std,12/15/13 18:00,0.611,ACORN-L,Adversity
MAC003640,Std,12/15/13 18:30,0.481,ACORN-L,Adversity
MAC003640,Std,12/15/13 19:00,0.439,ACORN-L,Adversity
MAC003640,Std,12/15/13 19:30,0.435,ACORN-L,Adversity
MAC003640,Std,12/15/13 20:00,0.449,ACORN-L,Adversity
MAC003640,Std,12/15/13 20:30,0.384,ACORN-L,Adversity
MAC003640,Std,12/15/13 21:00,0.405,ACORN-L,Adversity
MAC003640,Std,12/15/13 21:30,0.397,ACORN-L,Adversity
MAC003640,Std,12/15/13 22:00,0.404,ACORN-L,Adversity
MAC003640,Std,12/15/13 22:30,0.422,ACORN-L,Adversity
MAC003640,Std,12/15/13 23:00,0.397,ACORN-L,Adversity
MAC003640,Std,12/15/13 23:30,0.369,ACORN-L,Adversity
MAC003640,Std,12/16/13 0:00,0.339,ACORN-L,Adversity
MAC003640,Std,12/16/13 0:30,0.337,ACORN-L,Adversity
MAC003640,Std,12/16/13 1:00,0.228,ACORN-L,Adversity
MAC003640,Std,12/16/13 1:30,0.138,ACORN-L,Adversity
MAC003640,Std,12/16/13 2:00,0.131,ACORN-L,Adversity
MAC003640,Std,12/16/13 2:30,0.09,ACORN-L,Adversity
MAC003640,Std,12/16/13 3:00,0.082,ACORN-L,Adversity
MAC003640,Std,12/16/13 3:30,0.074,ACORN-L,Adversity
MAC003640,Std,12/16/13 4:00,0.08,ACORN-L,Adversity
MAC003640,Std,12/16/13 4:30,0.116,ACORN-L,Adversity
MAC003640,Std,12/16/13 5:00,0.151,ACORN-L,Adversity
MAC003640,Std,12/16/13 5:30,0.147,ACORN-L,Adversity
MAC003640,Std,12/16/13 6:00,0.142,ACORN-L,Adversity
MAC003640,Std,12/16/13 6:30,0.12,ACORN-L,Adversity
MAC003640,Std,12/16/13 7:00,0.29,ACORN-L,Adversity
MAC003640,Std,12/16/13 7:30,0.111,ACORN-L,Adversity
MAC003640,Std,12/16/13 8:00,0.106,ACORN-L,Adversity
MAC003640,Std,12/16/13 8:30,0.146,ACORN-L,Adversity
MAC003640,Std,12/16/13 9:00,0.152,ACORN-L,Adversity
MAC003640,Std,12/16/13 9:30,0.246,ACORN-L,Adversity
MAC003640,Std,12/16/13 10:00,0.317,ACORN-L,Adversity
MAC003640,Std,12/16/13 10:30,0.286,ACORN-L,Adversity
MAC003640,Std,12/16/13 11:00,0.297,ACORN-L,Adversity
MAC003640,Std,12/16/13 11:30,0.291,ACORN-L,Adversity
MAC003640,Std,12/16/13 12:00,0.295,ACORN-L,Adversity
MAC003640,Std,12/16/13 12:30,0.413,ACORN-L,Adversity
MAC003640,Std,12/16/13 13:00,0.234,ACORN-L,Adversity
MAC003640,Std,12/16/13 13:30,0.115,ACORN-L,Adversity
MAC003640,Std,12/16/13 14:00,0.079,ACORN-L,Adversity
MAC003640,Std,12/16/13 14:30,0.073,ACORN-L,Adversity
MAC003640,Std,12/16/13 15:00,0.073,ACORN-L,Adversity
MAC003640,Std,12/16/13 15:30,0.076,ACORN-L,Adversity
MAC003640,Std,12/16/13 16:00,0.082,ACORN-L,Adversity
MAC003640,Std,12/16/13 16:30,0.437,ACORN-L,Adversity
MAC003640,Std,12/16/13 17:00,0.466,ACORN-L,Adversity
MAC003640,Std,12/16/13 17:30,0.477,ACORN-L,Adversity
MAC003640,Std,12/16/13 18:00,0.456,ACORN-L,Adversity
MAC003640,Std,12/16/13 18:30,0.524,ACORN-L,Adversity
MAC003640,Std,12/16/13 19:00,0.585,ACORN-L,Adversity
MAC003640,Std,12/16/13 19:30,0.484,ACORN-L,Adversity
MAC003640,Std,12/16/13 20:00,0.548,ACORN-L,Adversity
MAC003640,Std,12/16/13 20:30,0.348,ACORN-L,Adversity
MAC003640,Std,12/16/13 21:00,0.408,ACORN-L,Adversity
MAC003640,Std,12/16/13 21:30,0.271,ACORN-L,Adversity
MAC003640,Std,12/16/13 22:00,0.29,ACORN-L,Adversity
MAC003640,Std,12/16/13 22:30,0.364,ACORN-L,Adversity
MAC003640,Std,12/16/13 23:00,0.399,ACORN-L,Adversity
MAC003640,Std,12/16/13 23:30,0.417,ACORN-L,Adversity
MAC003640,Std,12/17/13 0:00,0.42,ACORN-L,Adversity
MAC003640,Std,12/17/13 0:30,0.41,ACORN-L,Adversity
MAC003640,Std,12/17/13 1:00,0.387,ACORN-L,Adversity
MAC003640,Std,12/17/13 1:30,0.385,ACORN-L,Adversity
MAC003640,Std,12/17/13 2:00,0.346,ACORN-L,Adversity
MAC003640,Std,12/17/13 2:30,0.308,ACORN-L,Adversity
MAC003640,Std,12/17/13 3:00,0.227,ACORN-L,Adversity
MAC003640,Std,12/17/13 3:30,0.139,ACORN-L,Adversity
MAC003640,Std,12/17/13 4:00,0.134,ACORN-L,Adversity
MAC003640,Std,12/17/13 4:30,0.124,ACORN-L,Adversity
MAC003640,Std,12/17/13 5:00,0.117,ACORN-L,Adversity
MAC003640,Std,12/17/13 5:30,0.114,ACORN-L,Adversity
MAC003640,Std,12/17/13 6:00,0.115,ACORN-L,Adversity
MAC003640,Std,12/17/13 6:30,0.14,ACORN-L,Adversity
MAC003640,Std,12/17/13 7:00,0.261,ACORN-L,Adversity
MAC003640,Std,12/17/13 7:30,0.157,ACORN-L,Adversity
MAC003640,Std,12/17/13 8:00,0.121,ACORN-L,Adversity
MAC003640,Std,12/17/13 8:30,0.103,ACORN-L,Adversity
MAC003640,Std,12/17/13 9:00,0.107,ACORN-L,Adversity
MAC003640,Std,12/17/13 9:30,0.204,ACORN-L,Adversity
MAC003640,Std,12/17/13 10:00,0.375,ACORN-L,Adversity
MAC003640,Std,12/17/13 10:30,0.152,ACORN-L,Adversity
MAC003640,Std,12/17/13 11:00,0.148,ACORN-L,Adversity
MAC003640,Std,12/17/13 11:30,0.102,ACORN-L,Adversity
MAC003640,Std,12/17/13 12:00,0.074,ACORN-L,Adversity
MAC003640,Std,12/17/13 12:30,0.099,ACORN-L,Adversity
MAC003640,Std,12/17/13 13:00,1.021,ACORN-L,Adversity
MAC003640,Std,12/17/13 13:30,0.463,ACORN-L,Adversity
MAC003640,Std,12/17/13 14:00,0.179,ACORN-L,Adversity
MAC003640,Std,12/17/13 14:30,0.147,ACORN-L,Adversity
MAC003640,Std,12/17/13 15:00,0.132,ACORN-L,Adversity
MAC003640,Std,12/17/13 15:30,0.16,ACORN-L,Adversity
MAC003640,Std,12/17/13 16:00,1.567,ACORN-L,Adversity
MAC003640,Std,12/17/13 16:30,1.2359999,ACORN-L,Adversity
MAC003640,Std,12/17/13 17:00,1.012,ACORN-L,Adversity
MAC003640,Std,12/17/13 17:30,0.609,ACORN-L,Adversity
MAC003640,Std,12/17/13 18:00,0.479,ACORN-L,Adversity
MAC003640,Std,12/17/13 18:30,0.432,ACORN-L,Adversity
MAC003640,Std,12/17/13 19:00,0.512,ACORN-L,Adversity
MAC003640,Std,12/17/13 19:30,0.458,ACORN-L,Adversity
MAC003640,Std,12/17/13 20:00,0.46,ACORN-L,Adversity
MAC003640,Std,12/17/13 20:30,0.622,ACORN-L,Adversity
MAC003640,Std,12/17/13 21:00,0.602,ACORN-L,Adversity
MAC003640,Std,12/17/13 21:30,0.567,ACORN-L,Adversity
MAC003640,Std,12/17/13 22:00,0.594,ACORN-L,Adversity
MAC003640,Std,12/17/13 22:30,0.608,ACORN-L,Adversity
MAC003640,Std,12/17/13 23:00,0.476,ACORN-L,Adversity
MAC003640,Std,12/17/13 23:30,0.344,ACORN-L,Adversity
MAC003640,Std,12/18/13 0:00,0.203,ACORN-L,Adversity
MAC003640,Std,12/18/13 0:30,0.203,ACORN-L,Adversity
MAC003640,Std,12/18/13 1:00,0.187,ACORN-L,Adversity
MAC003640,Std,12/18/13 1:30,0.129,ACORN-L,Adversity
MAC003640,Std,12/18/13 2:00,0.092,ACORN-L,Adversity
MAC003640,Std,12/18/13 2:30,0.095,ACORN-L,Adversity
MAC003640,Std,12/18/13 3:00,0.094,ACORN-L,Adversity
MAC003640,Std,12/18/13 3:30,0.093,ACORN-L,Adversity
MAC003640,Std,12/18/13 4:00,0.119,ACORN-L,Adversity
MAC003640,Std,12/18/13 4:30,0.14,ACORN-L,Adversity
MAC003640,Std,12/18/13 5:00,0.111,ACORN-L,Adversity
MAC003640,Std,12/18/13 5:30,0.109,ACORN-L,Adversity
MAC003640,Std,12/18/13 6:00,0.11,ACORN-L,Adversity
MAC003640,Std,12/18/13 6:30,0.17,ACORN-L,Adversity
MAC003640,Std,12/18/13 7:00,0.315,ACORN-L,Adversity
MAC003640,Std,12/18/13 7:30,0.163,ACORN-L,Adversity
MAC003640,Std,12/18/13 8:00,0.14,ACORN-L,Adversity
MAC003640,Std,12/18/13 8:30,0.199,ACORN-L,Adversity
MAC003640,Std,12/18/13 9:00,0.276,ACORN-L,Adversity
MAC003640,Std,12/18/13 9:30,0.162,ACORN-L,Adversity
MAC003640,Std,12/18/13 10:00,0.107,ACORN-L,Adversity
MAC003640,Std,12/18/13 10:30,0.136,ACORN-L,Adversity
MAC003640,Std,12/18/13 11:00,0.199,ACORN-L,Adversity
MAC003640,Std,12/18/13 11:30,0.206,ACORN-L,Adversity
MAC003640,Std,12/18/13 12:00,0.084,ACORN-L,Adversity
MAC003640,Std,12/18/13 12:30,0.073,ACORN-L,Adversity
MAC003640,Std,12/18/13 13:00,0.073,ACORN-L,Adversity
MAC003640,Std,12/18/13 13:30,0.073,ACORN-L,Adversity
MAC003640,Std,12/18/13 14:00,0.075,ACORN-L,Adversity
MAC003640,Std,12/18/13 14:30,0.112,ACORN-L,Adversity
MAC003640,Std,12/18/13 15:00,0.081,ACORN-L,Adversity
MAC003640,Std,12/18/13 15:30,0.362,ACORN-L,Adversity
MAC003640,Std,12/18/13 16:00,0.453,ACORN-L,Adversity
MAC003640,Std,12/18/13 16:30,0.544,ACORN-L,Adversity
MAC003640,Std,12/18/13 17:00,0.633,ACORN-L,Adversity
MAC003640,Std,12/18/13 17:30,0.634,ACORN-L,Adversity
MAC003640,Std,12/18/13 18:00,1.001,ACORN-L,Adversity
MAC003640,Std,12/18/13 18:30,0.701,ACORN-L,Adversity
MAC003640,Std,12/18/13 19:00,0.539,ACORN-L,Adversity
MAC003640,Std,12/18/13 19:30,0.474,ACORN-L,Adversity
MAC003640,Std,12/18/13 20:00,0.423,ACORN-L,Adversity
MAC003640,Std,12/18/13 20:30,0.417,ACORN-L,Adversity
MAC003640,Std,12/18/13 21:00,0.401,ACORN-L,Adversity
MAC003640,Std,12/18/13 21:30,0.476,ACORN-L,Adversity
MAC003640,Std,12/18/13 22:00,0.401,ACORN-L,Adversity
MAC003640,Std,12/18/13 22:30,0.352,ACORN-L,Adversity
MAC003640,Std,12/18/13 23:00,0.236,ACORN-L,Adversity
MAC003640,Std,12/18/13 23:30,0.129,ACORN-L,Adversity
MAC003640,Std,12/19/13 0:00,0.158,ACORN-L,Adversity
MAC003640,Std,12/19/13 0:30,0.142,ACORN-L,Adversity
MAC003640,Std,12/19/13 1:00,0.136,ACORN-L,Adversity
MAC003640,Std,12/19/13 1:30,0.091,ACORN-L,Adversity
MAC003640,Std,12/19/13 2:00,0.095,ACORN-L,Adversity
MAC003640,Std,12/19/13 2:30,0.086,ACORN-L,Adversity
MAC003640,Std,12/19/13 3:00,0.085,ACORN-L,Adversity
MAC003640,Std,12/19/13 3:30,0.084,ACORN-L,Adversity
MAC003640,Std,12/19/13 4:00,0.137,ACORN-L,Adversity
MAC003640,Std,12/19/13 4:30,0.161,ACORN-L,Adversity
MAC003640,Std,12/19/13 5:00,0.143,ACORN-L,Adversity
MAC003640,Std,12/19/13 5:30,0.114,ACORN-L,Adversity
MAC003640,Std,12/19/13 6:00,0.115,ACORN-L,Adversity
MAC003640,Std,12/19/13 6:30,0.135,ACORN-L,Adversity
MAC003640,Std,12/19/13 7:00,0.281,ACORN-L,Adversity
MAC003640,Std,12/19/13 7:30,0.133,ACORN-L,Adversity
MAC003640,Std,12/19/13 8:00,0.366,ACORN-L,Adversity
MAC003640,Std,12/19/13 8:30,0.528,ACORN-L,Adversity
MAC003640,Std,12/19/13 9:00,0.163,ACORN-L,Adversity
MAC003640,Std,12/19/13 9:30,0.163,ACORN-L,Adversity
MAC003640,Std,12/19/13 10:00,0.193,ACORN-L,Adversity
MAC003640,Std,12/19/13 10:30,0.406,ACORN-L,Adversity
MAC003640,Std,12/19/13 11:00,0.196,ACORN-L,Adversity
MAC003640,Std,12/19/13 11:30,0.123,ACORN-L,Adversity
MAC003640,Std,12/19/13 12:00,0.087,ACORN-L,Adversity
MAC003640,Std,12/19/13 12:30,0.073,ACORN-L,Adversity
MAC003640,Std,12/19/13 13:00,0.073,ACORN-L,Adversity
MAC003640,Std,12/19/13 13:30,0.072,ACORN-L,Adversity
MAC003640,Std,12/19/13 14:00,0.075,ACORN-L,Adversity
MAC003640,Std,12/19/13 14:30,0.101,ACORN-L,Adversity
MAC003640,Std,12/19/13 15:00,0.089,ACORN-L,Adversity
MAC003640,Std,12/19/13 15:30,0.155,ACORN-L,Adversity
MAC003640,Std,12/19/13 16:00,0.611,ACORN-L,Adversity
MAC003640,Std,12/19/13 16:30,0.483,ACORN-L,Adversity
MAC003640,Std,12/19/13 17:00,0.774,ACORN-L,Adversity
MAC003640,Std,12/19/13 17:30,0.458,ACORN-L,Adversity
MAC003640,Std,12/19/13 18:00,0.481,ACORN-L,Adversity
MAC003640,Std,12/19/13 18:30,0.459,ACORN-L,Adversity
MAC003640,Std,12/19/13 19:00,0.453,ACORN-L,Adversity
MAC003640,Std,12/19/13 19:30,0.49,ACORN-L,Adversity
MAC003640,Std,12/19/13 20:00,0.631,ACORN-L,Adversity
MAC003640,Std,12/19/13 20:30,0.454,ACORN-L,Adversity
MAC003640,Std,12/19/13 21:00,0.335,ACORN-L,Adversity
MAC003640,Std,12/19/13 21:30,0.365,ACORN-L,Adversity
MAC003640,Std,12/19/13 22:00,0.422,ACORN-L,Adversity
MAC003640,Std,12/19/13 22:30,0.203,ACORN-L,Adversity
MAC003640,Std,12/19/13 23:00,0.143,ACORN-L,Adversity
MAC003640,Std,12/19/13 23:30,0.141,ACORN-L,Adversity
MAC003640,Std,12/20/13 0:00,0.156,ACORN-L,Adversity
MAC003640,Std,12/20/13 0:30,0.131,ACORN-L,Adversity
MAC003640,Std,12/20/13 1:00,0.109,ACORN-L,Adversity
MAC003640,Std,12/20/13 1:30,0.112,ACORN-L,Adversity
MAC003640,Std,12/20/13 2:00,0.071,ACORN-L,Adversity
MAC003640,Std,12/20/13 2:30,0.07,ACORN-L,Adversity
MAC003640,Std,12/20/13 3:00,0.07,ACORN-L,Adversity
MAC003640,Std,12/20/13 3:30,0.072,ACORN-L,Adversity
MAC003640,Std,12/20/13 4:00,0.115,ACORN-L,Adversity
MAC003640,Std,12/20/13 4:30,0.15,ACORN-L,Adversity
MAC003640,Std,12/20/13 5:00,0.145,ACORN-L,Adversity
MAC003640,Std,12/20/13 5:30,0.114,ACORN-L,Adversity
MAC003640,Std,12/20/13 6:00,0.104,ACORN-L,Adversity
MAC003640,Std,12/20/13 6:30,0.103,ACORN-L,Adversity
MAC003640,Std,12/20/13 7:00,0.101,ACORN-L,Adversity
MAC003640,Std,12/20/13 7:30,0.103,ACORN-L,Adversity
MAC003640,Std,12/20/13 8:00,0.136,ACORN-L,Adversity
MAC003640,Std,12/20/13 8:30,0.11,ACORN-L,Adversity
MAC003640,Std,12/20/13 9:00,0.102,ACORN-L,Adversity
MAC003640,Std,12/20/13 9:30,0.124,ACORN-L,Adversity
MAC003640,Std,12/20/13 10:00,0.168,ACORN-L,Adversity
MAC003640,Std,12/20/13 10:30,0.28,ACORN-L,Adversity
MAC003640,Std,12/20/13 11:00,0.22,ACORN-L,Adversity
MAC003640,Std,12/20/13 11:30,0.297,ACORN-L,Adversity
MAC003640,Std,12/20/13 12:00,0.338,ACORN-L,Adversity
MAC003640,Std,12/20/13 12:30,0.33,ACORN-L,Adversity
MAC003640,Std,12/20/13 13:00,0.48,ACORN-L,Adversity
MAC003640,Std,12/20/13 13:30,0.288,ACORN-L,Adversity
MAC003640,Std,12/20/13 14:00,0.123,ACORN-L,Adversity
MAC003640,Std,12/20/13 14:30,0.087,ACORN-L,Adversity
MAC003640,Std,12/20/13 15:00,0.105,ACORN-L,Adversity
MAC003640,Std,12/20/13 15:30,0.073,ACORN-L,Adversity
MAC003640,Std,12/20/13 16:00,0.074,ACORN-L,Adversity
MAC003640,Std,12/20/13 16:30,0.068,ACORN-L,Adversity
MAC003640,Std,12/20/13 17:00,0.083,ACORN-L,Adversity
MAC003640,Std,12/20/13 17:30,0.15,ACORN-L,Adversity
MAC003640,Std,12/20/13 18:00,0.145,ACORN-L,Adversity
MAC003640,Std,12/20/13 18:30,0.148,ACORN-L,Adversity
MAC003640,Std,12/20/13 19:00,0.106,ACORN-L,Adversity
MAC003640,Std,12/20/13 19:30,0.183,ACORN-L,Adversity
MAC003640,Std,12/20/13 20:00,0.477,ACORN-L,Adversity
MAC003640,Std,12/20/13 20:30,0.471,ACORN-L,Adversity
MAC003640,Std,12/20/13 21:00,0.745,ACORN-L,Adversity
MAC003640,Std,12/20/13 21:30,0.524,ACORN-L,Adversity
MAC003640,Std,12/20/13 22:00,0.479,ACORN-L,Adversity
MAC003640,Std,12/20/13 22:30,0.717,ACORN-L,Adversity
MAC003640,Std,12/20/13 23:00,0.52,ACORN-L,Adversity
MAC003640,Std,12/20/13 23:30,0.802,ACORN-L,Adversity
MAC003640,Std,12/21/13 0:00,0.491,ACORN-L,Adversity
MAC003640,Std,12/21/13 0:30,0.176,ACORN-L,Adversity
MAC003640,Std,12/21/13 1:00,0.135,ACORN-L,Adversity
MAC003640,Std,12/21/13 1:30,0.172,ACORN-L,Adversity
MAC003640,Std,12/21/13 2:00,0.269,ACORN-L,Adversity
MAC003640,Std,12/21/13 2:30,0.171,ACORN-L,Adversity
MAC003640,Std,12/21/13 3:00,0.117,ACORN-L,Adversity
MAC003640,Std,12/21/13 3:30,0.086,ACORN-L,Adversity
MAC003640,Std,12/21/13 4:00,0.086,ACORN-L,Adversity
MAC003640,Std,12/21/13 4:30,0.116,ACORN-L,Adversity
MAC003640,Std,12/21/13 5:00,0.114,ACORN-L,Adversity
MAC003640,Std,12/21/13 5:30,0.133,ACORN-L,Adversity
MAC003640,Std,12/21/13 6:00,0.16,ACORN-L,Adversity
MAC003640,Std,12/21/13 6:30,0.155,ACORN-L,Adversity
MAC003640,Std,12/21/13 7:00,0.126,ACORN-L,Adversity
MAC003640,Std,12/21/13 7:30,0.112,ACORN-L,Adversity
MAC003640,Std,12/21/13 8:00,0.112,ACORN-L,Adversity
MAC003640,Std,12/21/13 8:30,0.11,ACORN-L,Adversity
MAC003640,Std,12/21/13 9:00,0.121,ACORN-L,Adversity
MAC003640,Std,12/21/13 9:30,0.197,ACORN-L,Adversity
MAC003640,Std,12/21/13 10:00,0.2,ACORN-L,Adversity
MAC003640,Std,12/21/13 10:30,0.383,ACORN-L,Adversity
MAC003640,Std,12/21/13 11:00,0.588,ACORN-L,Adversity
MAC003640,Std,12/21/13 11:30,0.38,ACORN-L,Adversity
MAC003640,Std,12/21/13 12:00,0.336,ACORN-L,Adversity
MAC003640,Std,12/21/13 12:30,0.369,ACORN-L,Adversity
MAC003640,Std,12/21/13 13:00,0.799,ACORN-L,Adversity
MAC003640,Std,12/21/13 13:30,0.647,ACORN-L,Adversity
MAC003640,Std,12/21/13 14:00,0.675,ACORN-L,Adversity
MAC003640,Std,12/21/13 14:30,0.455,ACORN-L,Adversity
MAC003640,Std,12/21/13 15:00,0.405,ACORN-L,Adversity
MAC003640,Std,12/21/13 15:30,0.351,ACORN-L,Adversity
MAC003640,Std,12/21/13 16:00,0.357,ACORN-L,Adversity
MAC003640,Std,12/21/13 16:30,0.399,ACORN-L,Adversity
MAC003640,Std,12/21/13 17:00,0.378,ACORN-L,Adversity
MAC003640,Std,12/21/13 17:30,0.821,ACORN-L,Adversity
MAC003640,Std,12/21/13 18:00,0.617,ACORN-L,Adversity
MAC003640,Std,12/21/13 18:30,0.622,ACORN-L,Adversity
MAC003640,Std,12/21/13 19:00,0.472,ACORN-L,Adversity
MAC003640,Std,12/21/13 19:30,0.55,ACORN-L,Adversity
MAC003640,Std,12/21/13 20:00,0.532,ACORN-L,Adversity
MAC003640,Std,12/21/13 20:30,0.588,ACORN-L,Adversity
MAC003640,Std,12/21/13 21:00,0.534,ACORN-L,Adversity
MAC003640,Std,12/21/13 21:30,0.478,ACORN-L,Adversity
MAC003640,Std,12/21/13 22:00,0.483,ACORN-L,Adversity
MAC003640,Std,12/21/13 22:30,0.344,ACORN-L,Adversity
MAC003640,Std,12/21/13 23:00,0.173,ACORN-L,Adversity
MAC003640,Std,12/21/13 23:30,0.137,ACORN-L,Adversity
MAC003640,Std,12/22/13 0:00,0.128,ACORN-L,Adversity
MAC003640,Std,12/22/13 0:30,0.126,ACORN-L,Adversity
MAC003640,Std,12/22/13 1:00,0.104,ACORN-L,Adversity
MAC003640,Std,12/22/13 1:30,0.215,ACORN-L,Adversity
MAC003640,Std,12/22/13 2:00,0.338,ACORN-L,Adversity
MAC003640,Std,12/22/13 2:30,0.328,ACORN-L,Adversity
MAC003640,Std,12/22/13 3:00,0.308,ACORN-L,Adversity
MAC003640,Std,12/22/13 3:30,0.276,ACORN-L,Adversity
MAC003640,Std,12/22/13 4:00,0.187,ACORN-L,Adversity
MAC003640,Std,12/22/13 4:30,0.198,ACORN-L,Adversity
MAC003640,Std,12/22/13 5:00,0.175,ACORN-L,Adversity
MAC003640,Std,12/22/13 5:30,0.124,ACORN-L,Adversity
MAC003640,Std,12/22/13 6:00,0.115,ACORN-L,Adversity
MAC003640,Std,12/22/13 6:30,0.117,ACORN-L,Adversity
MAC003640,Std,12/22/13 7:00,0.117,ACORN-L,Adversity
MAC003640,Std,12/22/13 7:30,0.159,ACORN-L,Adversity
MAC003640,Std,12/22/13 8:00,0.141,ACORN-L,Adversity
MAC003640,Std,12/22/13 8:30,0.116,ACORN-L,Adversity
MAC003640,Std,12/22/13 9:00,0.172,ACORN-L,Adversity
MAC003640,Std,12/22/13 9:30,0.226,ACORN-L,Adversity
MAC003640,Std,12/22/13 10:00,0.185,ACORN-L,Adversity
MAC003640,Std,12/22/13 10:30,0.218,ACORN-L,Adversity
MAC003640,Std,12/22/13 11:00,0.401,ACORN-L,Adversity
MAC003640,Std,12/22/13 11:30,0.17,ACORN-L,Adversity
MAC003640,Std,12/22/13 12:00,0.139,ACORN-L,Adversity
MAC003640,Std,12/22/13 12:30,0.269,ACORN-L,Adversity
MAC003640,Std,12/22/13 13:00,0.198,ACORN-L,Adversity
MAC003640,Std,12/22/13 13:30,0.192,ACORN-L,Adversity
MAC003640,Std,12/22/13 14:00,0.203,ACORN-L,Adversity
MAC003640,Std,12/22/13 14:30,0.211,ACORN-L,Adversity
MAC003640,Std,12/22/13 15:00,0.244,ACORN-L,Adversity
MAC003640,Std,12/22/13 15:30,0.531,ACORN-L,Adversity
MAC003640,Std,12/22/13 16:00,0.882,ACORN-L,Adversity
MAC003640,Std,12/22/13 16:30,1.056,ACORN-L,Adversity
MAC003640,Std,12/22/13 17:00,1.1619999,ACORN-L,Adversity
MAC003640,Std,12/22/13 17:30,0.749,ACORN-L,Adversity
MAC003640,Std,12/22/13 18:00,0.873,ACORN-L,Adversity
MAC003640,Std,12/22/13 18:30,0.592,ACORN-L,Adversity
MAC003640,Std,12/22/13 19:00,0.465,ACORN-L,Adversity
MAC003640,Std,12/22/13 19:30,0.507,ACORN-L,Adversity
MAC003640,Std,12/22/13 20:00,0.441,ACORN-L,Adversity
MAC003640,Std,12/22/13 20:30,0.4,ACORN-L,Adversity
MAC003640,Std,12/22/13 21:00,0.45,ACORN-L,Adversity
MAC003640,Std,12/22/13 21:30,0.461,ACORN-L,Adversity
MAC003640,Std,12/22/13 22:00,0.584,ACORN-L,Adversity
MAC003640,Std,12/22/13 22:30,0.645,ACORN-L,Adversity
MAC003640,Std,12/22/13 23:00,0.654,ACORN-L,Adversity
MAC003640,Std,12/22/13 23:30,0.535,ACORN-L,Adversity
MAC003640,Std,12/23/13 0:00,0.385,ACORN-L,Adversity
MAC003640,Std,12/23/13 0:30,0.404,ACORN-L,Adversity
MAC003640,Std,12/23/13 1:00,0.487,ACORN-L,Adversity
MAC003640,Std,12/23/13 1:30,0.681,ACORN-L,Adversity
MAC003640,Std,12/23/13 2:00,0.674,ACORN-L,Adversity
MAC003640,Std,12/23/13 2:30,0.605,ACORN-L,Adversity
MAC003640,Std,12/23/13 3:00,0.673,ACORN-L,Adversity
MAC003640,Std,12/23/13 3:30,0.597,ACORN-L,Adversity
MAC003640,Std,12/23/13 4:00,0.457,ACORN-L,Adversity
MAC003640,Std,12/23/13 4:30,0.559,ACORN-L,Adversity
MAC003640,Std,12/23/13 5:00,0.453,ACORN-L,Adversity
MAC003640,Std,12/23/13 5:30,0.338,ACORN-L,Adversity
MAC003640,Std,12/23/13 6:00,0.443,ACORN-L,Adversity
MAC003640,Std,12/23/13 6:30,0.376,ACORN-L,Adversity
MAC003640,Std,12/23/13 7:00,0.373,ACORN-L,Adversity
MAC003640,Std,12/23/13 7:30,0.389,ACORN-L,Adversity
MAC003640,Std,12/23/13 8:00,0.334,ACORN-L,Adversity
MAC003640,Std,12/23/13 8:30,0.315,ACORN-L,Adversity
MAC003640,Std,12/23/13 9:00,0.388,ACORN-L,Adversity
MAC003640,Std,12/23/13 9:30,0.422,ACORN-L,Adversity
MAC003640,Std,12/23/13 10:00,0.535,ACORN-L,Adversity
MAC003640,Std,12/23/13 10:30,0.442,ACORN-L,Adversity
MAC003640,Std,12/23/13 11:00,0.716,ACORN-L,Adversity
MAC003640,Std,12/23/13 11:30,0.602,ACORN-L,Adversity
MAC003640,Std,12/23/13 12:00,0.627,ACORN-L,Adversity
MAC003640,Std,12/23/13 12:30,0.473,ACORN-L,Adversity
MAC003640,Std,12/23/13 13:00,0.403,ACORN-L,Adversity
MAC003640,Std,12/23/13 13:30,0.353,ACORN-L,Adversity
MAC003640,Std,12/23/13 14:00,0.448,ACORN-L,Adversity
MAC003640,Std,12/23/13 14:30,0.742,ACORN-L,Adversity
MAC003640,Std,12/23/13 15:00,0.629,ACORN-L,Adversity
MAC003640,Std,12/23/13 15:30,0.863,ACORN-L,Adversity
MAC003640,Std,12/23/13 16:00,0.618,ACORN-L,Adversity
MAC003640,Std,12/23/13 16:30,0.531,ACORN-L,Adversity
MAC003640,Std,12/23/13 17:00,0.638,ACORN-L,Adversity
MAC003640,Std,12/23/13 17:30,0.821,ACORN-L,Adversity
MAC003640,Std,12/23/13 18:00,0.535,ACORN-L,Adversity
MAC003640,Std,12/23/13 18:30,0.589,ACORN-L,Adversity
MAC003640,Std,12/23/13 19:00,0.704,ACORN-L,Adversity
MAC003640,Std,12/23/13 19:30,0.755,ACORN-L,Adversity
MAC003640,Std,12/23/13 20:00,0.8,ACORN-L,Adversity
MAC003640,Std,12/23/13 20:30,0.801,ACORN-L,Adversity
MAC003640,Std,12/23/13 21:00,0.622,ACORN-L,Adversity
MAC003640,Std,12/23/13 21:30,0.684,ACORN-L,Adversity
MAC003640,Std,12/23/13 22:00,0.646,ACORN-L,Adversity
MAC003640,Std,12/23/13 22:30,0.564,ACORN-L,Adversity
MAC003640,Std,12/23/13 23:00,0.555,ACORN-L,Adversity
MAC003640,Std,12/23/13 23:30,0.394,ACORN-L,Adversity
MAC003640,Std,12/24/13 0:00,0.316,ACORN-L,Adversity
MAC003640,Std,12/24/13 0:30,0.307,ACORN-L,Adversity
MAC003640,Std,12/24/13 1:00,0.303,ACORN-L,Adversity
MAC003640,Std,12/24/13 1:30,0.288,ACORN-L,Adversity
MAC003640,Std,12/24/13 2:00,0.315,ACORN-L,Adversity
MAC003640,Std,12/24/13 2:30,0.285,ACORN-L,Adversity
MAC003640,Std,12/24/13 3:00,0.258,ACORN-L,Adversity
MAC003640,Std,12/24/13 3:30,0.298,ACORN-L,Adversity
MAC003640,Std,12/24/13 4:00,0.322,ACORN-L,Adversity
MAC003640,Std,12/24/13 4:30,0.378,ACORN-L,Adversity
MAC003640,Std,12/24/13 5:00,0.315,ACORN-L,Adversity
MAC003640,Std,12/24/13 5:30,0.288,ACORN-L,Adversity
MAC003640,Std,12/24/13 6:00,0.292,ACORN-L,Adversity
MAC003640,Std,12/24/13 6:30,0.296,ACORN-L,Adversity
MAC003640,Std,12/24/13 7:00,0.35,ACORN-L,Adversity
MAC003640,Std,12/24/13 7:30,0.381,ACORN-L,Adversity
MAC003640,Std,12/24/13 8:00,0.346,ACORN-L,Adversity
MAC003640,Std,12/24/13 8:30,0.303,ACORN-L,Adversity
MAC003640,Std,12/24/13 9:00,0.293,ACORN-L,Adversity
MAC003640,Std,12/24/13 9:30,0.323,ACORN-L,Adversity
MAC003640,Std,12/24/13 10:00,0.411,ACORN-L,Adversity
MAC003640,Std,12/24/13 10:30,0.362,ACORN-L,Adversity
MAC003640,Std,12/24/13 11:00,0.47,ACORN-L,Adversity
MAC003640,Std,12/24/13 11:30,0.651,ACORN-L,Adversity
MAC003640,Std,12/24/13 12:00,1.103,ACORN-L,Adversity
MAC003640,Std,12/24/13 12:30,0.877,ACORN-L,Adversity
MAC003640,Std,12/24/13 13:00,0.655,ACORN-L,Adversity
MAC003640,Std,12/24/13 13:30,0.632,ACORN-L,Adversity
MAC003640,Std,12/24/13 14:00,0.541,ACORN-L,Adversity
MAC003640,Std,12/24/13 14:30,0.253,ACORN-L,Adversity
MAC003640,Std,12/24/13 15:00,0.132,ACORN-L,Adversity
MAC003640,Std,12/24/13 15:30,0.175,ACORN-L,Adversity
MAC003640,Std,12/24/13 16:00,0.19,ACORN-L,Adversity
MAC003640,Std,12/24/13 16:30,0.187,ACORN-L,Adversity
MAC003640,Std,12/24/13 17:00,0.14,ACORN-L,Adversity
MAC003640,Std,12/24/13 17:30,0.173,ACORN-L,Adversity
MAC003640,Std,12/24/13 18:00,0.211,ACORN-L,Adversity
MAC003640,Std,12/24/13 18:30,0.204,ACORN-L,Adversity
MAC003640,Std,12/24/13 19:00,0.201,ACORN-L,Adversity
MAC003640,Std,12/24/13 19:30,0.2,ACORN-L,Adversity
MAC003640,Std,12/24/13 20:00,0.45,ACORN-L,Adversity
MAC003640,Std,12/24/13 20:30,0.52,ACORN-L,Adversity
MAC003640,Std,12/24/13 21:00,0.479,ACORN-L,Adversity
MAC003640,Std,12/24/13 21:30,0.471,ACORN-L,Adversity
MAC003640,Std,12/24/13 22:00,0.442,ACORN-L,Adversity
MAC003640,Std,12/24/13 22:30,0.718,ACORN-L,Adversity
MAC003640,Std,12/24/13 23:00,0.868,ACORN-L,Adversity
MAC003640,Std,12/24/13 23:30,0.429,ACORN-L,Adversity
MAC003640,Std,12/25/13 0:00,0.208,ACORN-L,Adversity
MAC003640,Std,12/25/13 0:30,0.21,ACORN-L,Adversity
MAC003640,Std,12/25/13 1:00,0.224,ACORN-L,Adversity
MAC003640,Std,12/25/13 1:30,0.255,ACORN-L,Adversity
MAC003640,Std,12/25/13 2:00,0.591,ACORN-L,Adversity
MAC003640,Std,12/25/13 2:30,0.462,ACORN-L,Adversity
MAC003640,Std,12/25/13 3:00,0.469,ACORN-L,Adversity
MAC003640,Std,12/25/13 3:30,0.075,ACORN-L,Adversity
MAC003640,Std,12/25/13 4:00,0.082,ACORN-L,Adversity
MAC003640,Std,12/25/13 4:30,0.108,ACORN-L,Adversity
MAC003640,Std,12/25/13 5:00,0.106,ACORN-L,Adversity
MAC003640,Std,12/25/13 5:30,0.127,ACORN-L,Adversity
MAC003640,Std,12/25/13 6:00,0.127,ACORN-L,Adversity
MAC003640,Std,12/25/13 6:30,0.109,ACORN-L,Adversity
MAC003640,Std,12/25/13 7:00,0.106,ACORN-L,Adversity
MAC003640,Std,12/25/13 7:30,0.106,ACORN-L,Adversity
MAC003640,Std,12/25/13 8:00,0.119,ACORN-L,Adversity
MAC003640,Std,12/25/13 8:30,0.151,ACORN-L,Adversity
MAC003640,Std,12/25/13 9:00,0.148,ACORN-L,Adversity
MAC003640,Std,12/25/13 9:30,0.137,ACORN-L,Adversity
MAC003640,Std,12/25/13 10:00,0.132,ACORN-L,Adversity
MAC003640,Std,12/25/13 10:30,0.188,ACORN-L,Adversity
MAC003640,Std,12/25/13 11:00,0.553,ACORN-L,Adversity
MAC003640,Std,12/25/13 11:30,0.426,ACORN-L,Adversity
MAC003640,Std,12/25/13 12:00,0.404,ACORN-L,Adversity
MAC003640,Std,12/25/13 12:30,0.4,ACORN-L,Adversity
MAC003640,Std,12/25/13 13:00,0.511,ACORN-L,Adversity
MAC003640,Std,12/25/13 13:30,0.383,ACORN-L,Adversity
MAC003640,Std,12/25/13 14:00,0.518,ACORN-L,Adversity
MAC003640,Std,12/25/13 14:30,0.424,ACORN-L,Adversity
MAC003640,Std,12/25/13 15:00,0.464,ACORN-L,Adversity
MAC003640,Std,12/25/13 15:30,0.451,ACORN-L,Adversity
MAC003640,Std,12/25/13 16:00,0.428,ACORN-L,Adversity
MAC003640,Std,12/25/13 16:30,0.468,ACORN-L,Adversity
MAC003640,Std,12/25/13 17:00,0.482,ACORN-L,Adversity
MAC003640,Std,12/25/13 17:30,0.848,ACORN-L,Adversity
MAC003640,Std,12/25/13 18:00,0.65,ACORN-L,Adversity
MAC003640,Std,12/25/13 18:30,0.516,ACORN-L,Adversity
MAC003640,Std,12/25/13 19:00,0.42,ACORN-L,Adversity
MAC003640,Std,12/25/13 19:30,0.415,ACORN-L,Adversity
MAC003640,Std,12/25/13 20:00,0.536,ACORN-L,Adversity
MAC003640,Std,12/25/13 20:30,0.49,ACORN-L,Adversity
MAC003640,Std,12/25/13 21:00,0.475,ACORN-L,Adversity
MAC003640,Std,12/25/13 21:30,0.485,ACORN-L,Adversity
MAC003640,Std,12/25/13 22:00,0.451,ACORN-L,Adversity
MAC003640,Std,12/25/13 22:30,0.444,ACORN-L,Adversity
MAC003640,Std,12/25/13 23:00,0.263,ACORN-L,Adversity
MAC003640,Std,12/25/13 23:30,0.145,ACORN-L,Adversity
MAC003640,Std,12/26/13 0:00,0.163,ACORN-L,Adversity
MAC003640,Std,12/26/13 0:30,0.162,ACORN-L,Adversity
MAC003640,Std,12/26/13 1:00,0.138,ACORN-L,Adversity
MAC003640,Std,12/26/13 1:30,0.117,ACORN-L,Adversity
MAC003640,Std,12/26/13 2:00,0.116,ACORN-L,Adversity
MAC003640,Std,12/26/13 2:30,0.117,ACORN-L,Adversity
MAC003640,Std,12/26/13 3:00,0.128,ACORN-L,Adversity
MAC003640,Std,12/26/13 3:30,0.584,ACORN-L,Adversity
MAC003640,Std,12/26/13 4:00,0.562,ACORN-L,Adversity
MAC003640,Std,12/26/13 4:30,0.197,ACORN-L,Adversity
MAC003640,Std,12/26/13 5:00,0.128,ACORN-L,Adversity
MAC003640,Std,12/26/13 5:30,0.126,ACORN-L,Adversity
MAC003640,Std,12/26/13 6:00,0.119,ACORN-L,Adversity
MAC003640,Std,12/26/13 6:30,0.156,ACORN-L,Adversity
MAC003640,Std,12/26/13 7:00,0.15,ACORN-L,Adversity
MAC003640,Std,12/26/13 7:30,0.13,ACORN-L,Adversity
MAC003640,Std,12/26/13 8:00,0.109,ACORN-L,Adversity
MAC003640,Std,12/26/13 8:30,0.106,ACORN-L,Adversity
MAC003640,Std,12/26/13 9:00,0.105,ACORN-L,Adversity
MAC003640,Std,12/26/13 9:30,0.126,ACORN-L,Adversity
MAC003640,Std,12/26/13 10:00,0.18,ACORN-L,Adversity
MAC003640,Std,12/26/13 10:30,0.183,ACORN-L,Adversity
MAC003640,Std,12/26/13 11:00,0.259,ACORN-L,Adversity
MAC003640,Std,12/26/13 11:30,0.245,ACORN-L,Adversity
MAC003640,Std,12/26/13 12:00,0.186,ACORN-L,Adversity
MAC003640,Std,12/26/13 12:30,0.186,ACORN-L,Adversity
MAC003640,Std,12/26/13 13:00,0.322,ACORN-L,Adversity
MAC003640,Std,12/26/13 13:30,0.379,ACORN-L,Adversity
MAC003640,Std,12/26/13 14:00,0.324,ACORN-L,Adversity
MAC003640,Std,12/26/13 14:30,0.329,ACORN-L,Adversity
MAC003640,Std,12/26/13 15:00,0.278,ACORN-L,Adversity
MAC003640,Std,12/26/13 15:30,0.408,ACORN-L,Adversity
MAC003640,Std,12/26/13 16:00,0.273,ACORN-L,Adversity
MAC003640,Std,12/26/13 16:30,0.35,ACORN-L,Adversity
MAC003640,Std,12/26/13 17:00,0.307,ACORN-L,Adversity
MAC003640,Std,12/26/13 17:30,0.399,ACORN-L,Adversity
MAC003640,Std,12/26/13 18:00,0.661,ACORN-L,Adversity
MAC003640,Std,12/26/13 18:30,0.53,ACORN-L,Adversity
MAC003640,Std,12/26/13 19:00,0.426,ACORN-L,Adversity
MAC003640,Std,12/26/13 19:30,0.455,ACORN-L,Adversity
MAC003640,Std,12/26/13 20:00,0.434,ACORN-L,Adversity
MAC003640,Std,12/26/13 20:30,0.503,ACORN-L,Adversity
MAC003640,Std,12/26/13 21:00,0.53,ACORN-L,Adversity
MAC003640,Std,12/26/13 21:30,0.59,ACORN-L,Adversity
MAC003640,Std,12/26/13 22:00,0.49,ACORN-L,Adversity
MAC003640,Std,12/26/13 22:30,0.471,ACORN-L,Adversity
MAC003640,Std,12/26/13 23:00,0.46,ACORN-L,Adversity
MAC003640,Std,12/26/13 23:30,0.37,ACORN-L,Adversity
MAC003640,Std,12/27/13 0:00,0.185,ACORN-L,Adversity
MAC003640,Std,12/27/13 0:30,0.175,ACORN-L,Adversity
MAC003640,Std,12/27/13 1:00,0.162,ACORN-L,Adversity
MAC003640,Std,12/27/13 1:30,0.116,ACORN-L,Adversity
MAC003640,Std,12/27/13 2:00,0.113,ACORN-L,Adversity
MAC003640,Std,12/27/13 2:30,0.111,ACORN-L,Adversity
MAC003640,Std,12/27/13 3:00,0.113,ACORN-L,Adversity
MAC003640,Std,12/27/13 3:30,0.15,ACORN-L,Adversity
MAC003640,Std,12/27/13 4:00,0.153,ACORN-L,Adversity
MAC003640,Std,12/27/13 4:30,0.144,ACORN-L,Adversity
MAC003640,Std,12/27/13 5:00,0.112,ACORN-L,Adversity
MAC003640,Std,12/27/13 5:30,0.109,ACORN-L,Adversity
MAC003640,Std,12/27/13 6:00,0.111,ACORN-L,Adversity
MAC003640,Std,12/27/13 6:30,0.11,ACORN-L,Adversity
MAC003640,Std,12/27/13 7:00,0.131,ACORN-L,Adversity
MAC003640,Std,12/27/13 7:30,0.149,ACORN-L,Adversity
MAC003640,Std,12/27/13 8:00,0.145,ACORN-L,Adversity
MAC003640,Std,12/27/13 8:30,0.236,ACORN-L,Adversity
MAC003640,Std,12/27/13 9:00,0.214,ACORN-L,Adversity
MAC003640,Std,12/27/13 9:30,0.106,ACORN-L,Adversity
MAC003640,Std,12/27/13 10:00,0.248,ACORN-L,Adversity
MAC003640,Std,12/27/13 10:30,0.207,ACORN-L,Adversity
MAC003640,Std,12/27/13 11:00,0.223,ACORN-L,Adversity
MAC003640,Std,12/27/13 11:30,0.222,ACORN-L,Adversity
MAC003640,Std,12/27/13 12:00,0.194,ACORN-L,Adversity
MAC003640,Std,12/27/13 12:30,0.277,ACORN-L,Adversity
MAC003640,Std,12/27/13 13:00,0.339,ACORN-L,Adversity
MAC003640,Std,12/27/13 13:30,0.454,ACORN-L,Adversity
MAC003640,Std,12/27/13 14:00,0.45,ACORN-L,Adversity
MAC003640,Std,12/27/13 14:30,0.457,ACORN-L,Adversity
MAC003640,Std,12/27/13 15:00,0.429,ACORN-L,Adversity
MAC003640,Std,12/27/13 15:30,0.404,ACORN-L,Adversity
MAC003640,Std,12/27/13 16:00,0.455,ACORN-L,Adversity
MAC003640,Std,12/27/13 16:30,0.313,ACORN-L,Adversity
MAC003640,Std,12/27/13 17:00,0.449,ACORN-L,Adversity
MAC003640,Std,12/27/13 17:30,0.893,ACORN-L,Adversity
MAC003640,Std,12/27/13 18:00,0.666,ACORN-L,Adversity
MAC003640,Std,12/27/13 18:30,0.878,ACORN-L,Adversity
MAC003640,Std,12/27/13 19:00,0.607,ACORN-L,Adversity
MAC003640,Std,12/27/13 19:30,0.487,ACORN-L,Adversity
MAC003640,Std,12/27/13 20:00,0.47,ACORN-L,Adversity
MAC003640,Std,12/27/13 20:30,0.52,ACORN-L,Adversity
MAC003640,Std,12/27/13 21:00,0.638,ACORN-L,Adversity
MAC003640,Std,12/27/13 21:30,0.461,ACORN-L,Adversity
MAC003640,Std,12/27/13 22:00,0.467,ACORN-L,Adversity
MAC003640,Std,12/27/13 22:30,0.386,ACORN-L,Adversity
MAC003640,Std,12/27/13 23:00,0.139,ACORN-L,Adversity
MAC003640,Std,12/27/13 23:30,0.116,ACORN-L,Adversity
MAC003640,Std,12/28/13 0:00,0.114,ACORN-L,Adversity
MAC003640,Std,12/28/13 0:00,0.114,ACORN-L,Adversity
MAC003640,Std,12/28/13 0:30,0.078,ACORN-L,Adversity
MAC003640,Std,12/28/13 1:00,0.105,ACORN-L,Adversity
MAC003640,Std,12/28/13 1:30,0.095,ACORN-L,Adversity
MAC003640,Std,12/28/13 2:00,0.07,ACORN-L,Adversity
MAC003640,Std,12/28/13 2:30,0.081,ACORN-L,Adversity
MAC003640,Std,12/28/13 3:00,0.117,ACORN-L,Adversity
MAC003640,Std,12/28/13 3:30,0.135,ACORN-L,Adversity
MAC003640,Std,12/28/13 4:00,0.14,ACORN-L,Adversity
MAC003640,Std,12/28/13 4:30,0.102,ACORN-L,Adversity
MAC003640,Std,12/28/13 5:00,0.103,ACORN-L,Adversity
MAC003640,Std,12/28/13 5:30,0.102,ACORN-L,Adversity
MAC003640,Std,12/28/13 6:00,0.104,ACORN-L,Adversity
MAC003640,Std,12/28/13 6:30,0.109,ACORN-L,Adversity
MAC003640,Std,12/28/13 7:00,0.137,ACORN-L,Adversity
MAC003640,Std,12/28/13 7:30,0.102,ACORN-L,Adversity
MAC003640,Std,12/28/13 8:00,0.102,ACORN-L,Adversity
MAC003640,Std,12/28/13 8:30,0.105,ACORN-L,Adversity
MAC003640,Std,12/28/13 9:00,0.34,ACORN-L,Adversity
MAC003640,Std,12/28/13 9:30,0.421,ACORN-L,Adversity
MAC003640,Std,12/28/13 10:00,0.48,ACORN-L,Adversity
MAC003640,Std,12/28/13 10:30,0.306,ACORN-L,Adversity
MAC003640,Std,12/28/13 11:00,0.305,ACORN-L,Adversity
MAC003640,Std,12/28/13 11:30,0.274,ACORN-L,Adversity
MAC003640,Std,12/28/13 12:00,0.377,ACORN-L,Adversity
MAC003640,Std,12/28/13 12:30,0.314,ACORN-L,Adversity
MAC003640,Std,12/28/13 13:00,0.208,ACORN-L,Adversity
MAC003640,Std,12/28/13 13:30,0.207,ACORN-L,Adversity
MAC003640,Std,12/28/13 14:00,0.268,ACORN-L,Adversity
MAC003640,Std,12/28/13 14:30,0.357,ACORN-L,Adversity
MAC003640,Std,12/28/13 15:00,0.401,ACORN-L,Adversity
MAC003640,Std,12/28/13 15:30,0.554,ACORN-L,Adversity
MAC003640,Std,12/28/13 16:00,0.436,ACORN-L,Adversity
MAC003640,Std,12/28/13 16:30,0.483,ACORN-L,Adversity
MAC003640,Std,12/28/13 17:00,0.534,ACORN-L,Adversity
MAC003640,Std,12/28/13 17:30,0.446,ACORN-L,Adversity
MAC003640,Std,12/28/13 18:00,0.438,ACORN-L,Adversity
MAC003640,Std,12/28/13 18:30,0.456,ACORN-L,Adversity
MAC003640,Std,12/28/13 19:00,0.613,ACORN-L,Adversity
MAC003640,Std,12/28/13 19:30,0.472,ACORN-L,Adversity
MAC003640,Std,12/28/13 20:00,0.474,ACORN-L,Adversity
MAC003640,Std,12/28/13 20:30,0.367,ACORN-L,Adversity
MAC003640,Std,12/28/13 21:00,0.352,ACORN-L,Adversity
MAC003640,Std,12/28/13 21:30,0.373,ACORN-L,Adversity
MAC003640,Std,12/28/13 22:00,0.387,ACORN-L,Adversity
MAC003640,Std,12/28/13 22:30,0.43,ACORN-L,Adversity
MAC003640,Std,12/28/13 23:00,0.272,ACORN-L,Adversity
MAC003640,Std,12/28/13 23:30,0.26,ACORN-L,Adversity
MAC003640,Std,12/29/13 0:00,0.288,ACORN-L,Adversity
MAC003640,Std,12/29/13 0:30,0.263,ACORN-L,Adversity
MAC003640,Std,12/29/13 1:00,0.212,ACORN-L,Adversity
MAC003640,Std,12/29/13 1:30,0.074,ACORN-L,Adversity
MAC003640,Std,12/29/13 2:00,0.112,ACORN-L,Adversity
MAC003640,Std,12/29/13 2:30,0.116,ACORN-L,Adversity
MAC003640,Std,12/29/13 3:00,0.101,ACORN-L,Adversity
MAC003640,Std,12/29/13 3:30,0.073,ACORN-L,Adversity
MAC003640,Std,12/29/13 4:00,0.079,ACORN-L,Adversity
MAC003640,Std,12/29/13 4:30,0.106,ACORN-L,Adversity
MAC003640,Std,12/29/13 5:00,0.104,ACORN-L,Adversity
MAC003640,Std,12/29/13 5:30,0.136,ACORN-L,Adversity
MAC003640,Std,12/29/13 6:00,0.147,ACORN-L,Adversity
MAC003640,Std,12/29/13 6:30,0.139,ACORN-L,Adversity
MAC003640,Std,12/29/13 7:00,0.107,ACORN-L,Adversity
MAC003640,Std,12/29/13 7:30,0.108,ACORN-L,Adversity
MAC003640,Std,12/29/13 8:00,0.105,ACORN-L,Adversity
MAC003640,Std,12/29/13 8:30,0.108,ACORN-L,Adversity
MAC003640,Std,12/29/13 9:00,0.117,ACORN-L,Adversity
MAC003640,Std,12/29/13 9:30,0.161,ACORN-L,Adversity
MAC003640,Std,12/29/13 10:00,0.156,ACORN-L,Adversity
MAC003640,Std,12/29/13 10:30,0.361,ACORN-L,Adversity
MAC003640,Std,12/29/13 11:00,0.246,ACORN-L,Adversity
MAC003640,Std,12/29/13 11:30,0.086,ACORN-L,Adversity
MAC003640,Std,12/29/13 12:00,0.073,ACORN-L,Adversity
MAC003640,Std,12/29/13 12:30,0.079,ACORN-L,Adversity
MAC003640,Std,12/29/13 13:00,0.124,ACORN-L,Adversity
MAC003640,Std,12/29/13 13:30,0.825,ACORN-L,Adversity
MAC003640,Std,12/29/13 14:00,1.369,ACORN-L,Adversity
MAC003640,Std,12/29/13 14:30,0.548,ACORN-L,Adversity
MAC003640,Std,12/29/13 15:00,0.361,ACORN-L,Adversity
MAC003640,Std,12/29/13 15:30,0.326,ACORN-L,Adversity
MAC003640,Std,12/29/13 16:00,0.333,ACORN-L,Adversity
MAC003640,Std,12/29/13 16:30,0.424,ACORN-L,Adversity
MAC003640,Std,12/29/13 17:00,0.383,ACORN-L,Adversity
MAC003640,Std,12/29/13 17:30,0.32,ACORN-L,Adversity
MAC003640,Std,12/29/13 18:00,0.339,ACORN-L,Adversity
MAC003640,Std,12/29/13 18:30,0.578,ACORN-L,Adversity
MAC003640,Std,12/29/13 19:00,0.423,ACORN-L,Adversity
MAC003640,Std,12/29/13 19:30,0.42,ACORN-L,Adversity
MAC003640,Std,12/29/13 20:00,0.466,ACORN-L,Adversity
MAC003640,Std,12/29/13 20:30,0.413,ACORN-L,Adversity
MAC003640,Std,12/29/13 21:00,0.546,ACORN-L,Adversity
MAC003640,Std,12/29/13 21:30,0.418,ACORN-L,Adversity
MAC003640,Std,12/29/13 22:00,0.554,ACORN-L,Adversity
MAC003640,Std,12/29/13 22:30,0.766,ACORN-L,Adversity
MAC003640,Std,12/29/13 23:00,0.904,ACORN-L,Adversity
MAC003640,Std,12/29/13 23:30,0.415,ACORN-L,Adversity
MAC003640,Std,12/30/13 0:00,0.151,ACORN-L,Adversity
MAC003640,Std,12/30/13 0:30,0.121,ACORN-L,Adversity
MAC003640,Std,12/30/13 1:00,0.089,ACORN-L,Adversity
MAC003640,Std,12/30/13 1:30,0.083,ACORN-L,Adversity
MAC003640,Std,12/30/13 2:00,0.08,ACORN-L,Adversity
MAC003640,Std,12/30/13 2:30,0.082,ACORN-L,Adversity
MAC003640,Std,12/30/13 3:00,0.116,ACORN-L,Adversity
MAC003640,Std,12/30/13 3:30,0.121,ACORN-L,Adversity
MAC003640,Std,12/30/13 4:00,0.128,ACORN-L,Adversity
MAC003640,Std,12/30/13 4:30,0.117,ACORN-L,Adversity
MAC003640,Std,12/30/13 5:00,0.111,ACORN-L,Adversity
MAC003640,Std,12/30/13 5:30,0.111,ACORN-L,Adversity
MAC003640,Std,12/30/13 6:00,0.11,ACORN-L,Adversity
MAC003640,Std,12/30/13 6:30,0.106,ACORN-L,Adversity
MAC003640,Std,12/30/13 7:00,0.152,ACORN-L,Adversity
MAC003640,Std,12/30/13 7:30,0.157,ACORN-L,Adversity
MAC003640,Std,12/30/13 8:00,0.168,ACORN-L,Adversity
MAC003640,Std,12/30/13 8:30,0.286,ACORN-L,Adversity
MAC003640,Std,12/30/13 9:00,0.119,ACORN-L,Adversity
MAC003640,Std,12/30/13 9:30,0.11,ACORN-L,Adversity
MAC003640,Std,12/30/13 10:00,0.109,ACORN-L,Adversity
MAC003640,Std,12/30/13 10:30,0.127,ACORN-L,Adversity
MAC003640,Std,12/30/13 11:00,0.287,ACORN-L,Adversity
MAC003640,Std,12/30/13 11:30,0.311,ACORN-L,Adversity
MAC003640,Std,12/30/13 12:00,0.452,ACORN-L,Adversity
MAC003640,Std,12/30/13 12:30,0.391,ACORN-L,Adversity
MAC003640,Std,12/30/13 13:00,0.333,ACORN-L,Adversity
MAC003640,Std,12/30/13 13:30,0.387,ACORN-L,Adversity
MAC003640,Std,12/30/13 14:00,0.388,ACORN-L,Adversity
MAC003640,Std,12/30/13 14:30,0.441,ACORN-L,Adversity
MAC003640,Std,12/30/13 15:00,0.492,ACORN-L,Adversity
MAC003640,Std,12/30/13 15:30,0.393,ACORN-L,Adversity
MAC003640,Std,12/30/13 16:00,0.392,ACORN-L,Adversity
MAC003640,Std,12/30/13 16:30,0.4,ACORN-L,Adversity
MAC003640,Std,12/30/13 17:00,0.566,ACORN-L,Adversity
MAC003640,Std,12/30/13 17:30,0.394,ACORN-L,Adversity
MAC003640,Std,12/30/13 18:00,0.41,ACORN-L,Adversity
MAC003640,Std,12/30/13 18:30,0.406,ACORN-L,Adversity
MAC003640,Std,12/30/13 19:00,0.693,ACORN-L,Adversity
MAC003640,Std,12/30/13 19:30,0.649,ACORN-L,Adversity
MAC003640,Std,12/30/13 20:00,0.452,ACORN-L,Adversity
MAC003640,Std,12/30/13 20:30,0.514,ACORN-L,Adversity
MAC003640,Std,12/30/13 21:00,0.492,ACORN-L,Adversity
MAC003640,Std,12/30/13 21:30,0.458,ACORN-L,Adversity
MAC003640,Std,12/30/13 22:00,0.467,ACORN-L,Adversity
MAC003640,Std,12/30/13 22:30,0.511,ACORN-L,Adversity
MAC003640,Std,12/30/13 23:00,0.487,ACORN-L,Adversity
MAC003640,Std,12/30/13 23:30,0.43,ACORN-L,Adversity
MAC003640,Std,12/31/13 0:00,0.117,ACORN-L,Adversity
MAC003640,Std,12/31/13 0:30,0.158,ACORN-L,Adversity
MAC003640,Std,12/31/13 1:00,0.19,ACORN-L,Adversity
MAC003640,Std,12/31/13 1:30,0.192,ACORN-L,Adversity
MAC003640,Std,12/31/13 2:00,0.101,ACORN-L,Adversity
MAC003640,Std,12/31/13 2:30,0.102,ACORN-L,Adversity
MAC003640,Std,12/31/13 3:00,0.099,ACORN-L,Adversity
MAC003640,Std,12/31/13 3:30,0.097,ACORN-L,Adversity
MAC003640,Std,12/31/13 4:00,0.105,ACORN-L,Adversity
MAC003640,Std,12/31/13 4:30,0.172,ACORN-L,Adversity
MAC003640,Std,12/31/13 5:00,0.185,ACORN-L,Adversity
MAC003640,Std,12/31/13 5:30,0.119,ACORN-L,Adversity
MAC003640,Std,12/31/13 6:00,0.115,ACORN-L,Adversity
MAC003640,Std,12/31/13 6:30,0.153,ACORN-L,Adversity
MAC003640,Std,12/31/13 7:00,0.16,ACORN-L,Adversity
MAC003640,Std,12/31/13 7:30,0.159,ACORN-L,Adversity
MAC003640,Std,12/31/13 8:00,0.156,ACORN-L,Adversity
MAC003640,Std,12/31/13 8:30,0.156,ACORN-L,Adversity
MAC003640,Std,12/31/13 9:00,0.124,ACORN-L,Adversity
MAC003640,Std,12/31/13 9:30,0.126,ACORN-L,Adversity
MAC003640,Std,12/31/13 10:00,0.174,ACORN-L,Adversity
MAC003640,Std,12/31/13 10:30,0.19,ACORN-L,Adversity
MAC003640,Std,12/31/13 11:00,0.258,ACORN-L,Adversity
MAC003640,Std,12/31/13 11:30,0.353,ACORN-L,Adversity
MAC003640,Std,12/31/13 12:00,0.411,ACORN-L,Adversity
MAC003640,Std,12/31/13 12:30,0.399,ACORN-L,Adversity
MAC003640,Std,12/31/13 13:00,0.422,ACORN-L,Adversity
MAC003640,Std,12/31/13 13:30,0.366,ACORN-L,Adversity
MAC003640,Std,12/31/13 14:00,0.204,ACORN-L,Adversity
MAC003640,Std,12/31/13 14:30,0.204,ACORN-L,Adversity
MAC003640,Std,12/31/13 15:00,0.191,ACORN-L,Adversity
MAC003640,Std,12/31/13 15:30,0.163,ACORN-L,Adversity
MAC003640,Std,12/31/13 16:00,0.417,ACORN-L,Adversity
MAC003640,Std,12/31/13 16:30,0.54,ACORN-L,Adversity
MAC003640,Std,12/31/13 17:00,0.616,ACORN-L,Adversity
MAC003640,Std,12/31/13 17:30,0.561,ACORN-L,Adversity
MAC003640,Std,12/31/13 18:00,0.514,ACORN-L,Adversity
MAC003640,Std,12/31/13 18:30,0.524,ACORN-L,Adversity
MAC003640,Std,12/31/13 19:00,0.443,ACORN-L,Adversity
MAC003640,Std,12/31/13 19:30,0.394,ACORN-L,Adversity
MAC003640,Std,12/31/13 20:00,0.397,ACORN-L,Adversity
MAC003640,Std,12/31/13 20:30,0.474,ACORN-L,Adversity
MAC003640,Std,12/31/13 21:00,0.492,ACORN-L,Adversity
MAC003640,Std,12/31/13 21:30,0.864,ACORN-L,Adversity
MAC003640,Std,12/31/13 22:00,0.736,ACORN-L,Adversity
MAC003640,Std,12/31/13 22:30,1.1440001,ACORN-L,Adversity
MAC003640,Std,12/31/13 23:00,0.279,ACORN-L,Adversity
MAC003640,Std,12/31/13 23:30,0.125,ACORN-L,Adversity